timeStamp,elapsed,label,responseCode,responseMessage,threadName,success,failureMessage,bytes,sentBytes,grpThreads,allThreads,URL,Latency,IdleTime,Connect
1601126893723,34,UC7 change price,200,HTTP/1.1 200,UC7 2-1,true,,127,0,1,5,http://swa-kovacs-vm2.cs.univie.ac.at/sr/stockitem/store/200/300,29,0,0
1601126893723,39,UC5 show stock report,200,HTTP/1.1 200,UC5 1-1,true,,460,0,1,5,http://swa-kovacs-vm2.cs.univie.ac.at/sr/stockitemreport/200,30,0,0
1601126893728,35,UC3 order products,200,HTTP/1.1 200,UC3 3-1,true,,231,0,1,5,http://swa-kovacs-vm3.cs.univie.ac.at/oprop/store/201/order,24,0,0
1601126893727,37,UC6 delivery reports,200,HTTP/1.1 200,UC6 5-1,true,,342,0,1,5,http://swa-kovacs-vm4.cs.univie.ac.at/dr/delivery-report/901,37,0,0
1601126893763,6,UC5 show stock report,200,HTTP/1.1 200,UC5 1-1,true,,460,0,1,5,http://swa-kovacs-vm2.cs.univie.ac.at/sr/stockitemreport/200,5,0,0
1601126893764,7,UC3 order products,200,HTTP/1.1 200,UC3 3-1,true,,231,0,1,5,http://swa-kovacs-vm3.cs.univie.ac.at/oprop/store/201/order,7,0,0
1601126893766,8,UC7 change price,200,HTTP/1.1 200,UC7 2-1,true,,127,0,1,5,http://swa-kovacs-vm2.cs.univie.ac.at/sr/stockitem/store/200/300,8,0,0
1601126893769,7,UC5 show stock report,200,HTTP/1.1 200,UC5 1-1,true,,460,0,1,5,http://swa-kovacs-vm2.cs.univie.ac.at/sr/stockitemreport/200,7,0,0
1601126893732,46,UC4 receive order,200,HTTP/1.1 200,UC4 4-1,true,,118,0,1,5,http://swa-kovacs-vm3.cs.univie.ac.at/oprop/product-order/113,46,0,0
1601126893772,8,UC3 order products,200,HTTP/1.1 200,UC3 3-1,true,,231,0,1,5,http://swa-kovacs-vm3.cs.univie.ac.at/oprop/store/201/order,7,0,0
1601126893776,7,UC5 show stock report,200,HTTP/1.1 200,UC5 1-1,true,,460,0,1,5,http://swa-kovacs-vm2.cs.univie.ac.at/sr/stockitemreport/200,5,0,0
1601126893776,9,UC7 change price,200,HTTP/1.1 200,UC7 2-1,true,,127,0,1,5,http://swa-kovacs-vm2.cs.univie.ac.at/sr/stockitem/store/200/300,9,0,0
1601126893780,7,UC3 order products,200,HTTP/1.1 200,UC3 3-1,true,,231,0,1,5,http://swa-kovacs-vm3.cs.univie.ac.at/oprop/store/201/order,7,0,0
1601126893764,27,UC6 delivery reports,200,HTTP/1.1 200,UC6 5-1,true,,342,0,1,5,http://swa-kovacs-vm4.cs.univie.ac.at/dr/delivery-report/901,27,0,0
1601126893785,7,UC7 change price,200,HTTP/1.1 200,UC7 2-1,true,,127,0,1,5,http://swa-kovacs-vm2.cs.univie.ac.at/sr/stockitem/store/200/300,7,0,0
1601126893788,6,UC3 order products,200,HTTP/1.1 200,UC3 3-1,true,,231,0,1,5,http://swa-kovacs-vm3.cs.univie.ac.at/oprop/store/201/order,6,0,0
1601126893784,13,UC5 show stock report,200,HTTP/1.1 200,UC5 1-1,true,,460,0,1,5,http://swa-kovacs-vm2.cs.univie.ac.at/sr/stockitemreport/200,6,0,0
1601126893792,5,UC7 change price,200,HTTP/1.1 200,UC7 2-1,true,,127,0,1,5,http://swa-kovacs-vm2.cs.univie.ac.at/sr/stockitem/store/200/300,5,0,0
1601126893795,6,UC3 order products,200,HTTP/1.1 200,UC3 3-1,true,,231,0,1,5,http://swa-kovacs-vm3.cs.univie.ac.at/oprop/store/201/order,6,0,0
1601126893797,6,UC5 show stock report,200,HTTP/1.1 200,UC5 1-1,true,,460,0,1,5,http://swa-kovacs-vm2.cs.univie.ac.at/sr/stockitemreport/200,5,0,0
1601126893798,7,UC7 change price,200,HTTP/1.1 200,UC7 2-1,true,,127,0,1,5,http://swa-kovacs-vm2.cs.univie.ac.at/sr/stockitem/store/200/300,7,0,0
1601126893802,5,UC3 order products,200,HTTP/1.1 200,UC3 3-1,true,,231,0,1,5,http://swa-kovacs-vm3.cs.univie.ac.at/oprop/store/201/order,5,0,0
1601126893804,6,UC5 show stock report,200,HTTP/1.1 200,UC5 1-1,true,,460,0,1,5,http://swa-kovacs-vm2.cs.univie.ac.at/sr/stockitemreport/200,5,0,0
1601126893779,32,UC4 receive order,200,HTTP/1.1 200,UC4 4-1,true,,118,0,1,5,http://swa-kovacs-vm3.cs.univie.ac.at/oprop/product-order/113,32,0,0
1601126893806,6,UC7 change price,200,HTTP/1.1 200,UC7 2-1,true,,127,0,1,5,http://swa-kovacs-vm2.cs.univie.ac.at/sr/stockitem/store/200/300,6,0,0
1601126893810,4,UC5 show stock report,200,HTTP/1.1 200,UC5 1-1,true,,460,0,1,5,http://swa-kovacs-vm2.cs.univie.ac.at/sr/stockitemreport/200,3,0,0
1601126893807,8,UC3 order products,200,HTTP/1.1 200,UC3 3-1,true,,231,0,1,5,http://swa-kovacs-vm3.cs.univie.ac.at/oprop/store/201/order,8,0,0
1601126893791,25,UC6 delivery reports,200,HTTP/1.1 200,UC6 5-1,true,,342,0,1,5,http://swa-kovacs-vm4.cs.univie.ac.at/dr/delivery-report/901,25,0,0
1601126893814,3,UC5 show stock report,200,HTTP/1.1 200,UC5 1-1,true,,460,0,1,5,http://swa-kovacs-vm2.cs.univie.ac.at/sr/stockitemreport/200,3,0,0
1601126893816,6,UC3 order products,200,HTTP/1.1 200,UC3 3-1,true,,231,0,1,5,http://swa-kovacs-vm3.cs.univie.ac.at/oprop/store/201/order,6,0,0
1601126893812,12,UC7 change price,200,HTTP/1.1 200,UC7 2-1,true,,127,0,1,5,http://swa-kovacs-vm2.cs.univie.ac.at/sr/stockitem/store/200/300,12,0,0
1601126893817,8,UC5 show stock report,200,HTTP/1.1 200,UC5 1-1,true,,460,0,1,5,http://swa-kovacs-vm2.cs.univie.ac.at/sr/stockitemreport/200,6,0,0
1601126893822,5,UC3 order products,200,HTTP/1.1 200,UC3 3-1,true,,231,0,1,4,http://swa-kovacs-vm3.cs.univie.ac.at/oprop/store/201/order,5,0,0
1601126893825,6,UC7 change price,200,HTTP/1.1 200,UC7 2-1,true,,127,0,1,3,http://swa-kovacs-vm2.cs.univie.ac.at/sr/stockitem/store/200/300,6,0,0
1601126893811,24,UC4 receive order,200,HTTP/1.1 200,UC4 4-1,true,,118,0,1,3,http://swa-kovacs-vm3.cs.univie.ac.at/oprop/product-order/113,24,0,0
1601126893817,18,UC6 delivery reports,200,HTTP/1.1 200,UC6 5-1,true,,342,0,1,3,http://swa-kovacs-vm4.cs.univie.ac.at/dr/delivery-report/901,18,0,0
1601126893831,5,UC7 change price,200,HTTP/1.1 200,UC7 2-1,true,,127,0,1,3,http://swa-kovacs-vm2.cs.univie.ac.at/sr/stockitem/store/200/300,5,0,0
1601126893836,14,UC6 delivery reports,200,HTTP/1.1 200,UC6 5-1,true,,342,0,1,2,http://swa-kovacs-vm4.cs.univie.ac.at/dr/delivery-report/901,14,0,0
1601126893835,18,UC4 receive order,200,HTTP/1.1 200,UC4 4-1,true,,118,0,1,2,http://swa-kovacs-vm3.cs.univie.ac.at/oprop/product-order/113,18,0,0
1601126893851,15,UC6 delivery reports,200,HTTP/1.1 200,UC6 5-1,true,,342,0,1,2,http://swa-kovacs-vm4.cs.univie.ac.at/dr/delivery-report/901,15,0,0
1601126893853,20,UC4 receive order,200,HTTP/1.1 200,UC4 4-1,true,,118,0,1,2,http://swa-kovacs-vm3.cs.univie.ac.at/oprop/product-order/113,20,0,0
1601126893866,17,UC6 delivery reports,200,HTTP/1.1 200,UC6 5-1,true,,342,0,1,2,http://swa-kovacs-vm4.cs.univie.ac.at/dr/delivery-report/901,17,0,0
1601126893874,23,UC4 receive order,200,HTTP/1.1 200,UC4 4-1,true,,118,0,1,2,http://swa-kovacs-vm3.cs.univie.ac.at/oprop/product-order/113,23,0,0
1601126893884,15,UC6 delivery reports,200,HTTP/1.1 200,UC6 5-1,true,,342,0,1,2,http://swa-kovacs-vm4.cs.univie.ac.at/dr/delivery-report/901,15,0,0
1601126893898,16,UC4 receive order,200,HTTP/1.1 200,UC4 4-1,true,,118,0,1,2,http://swa-kovacs-vm3.cs.univie.ac.at/oprop/product-order/113,16,0,0
1601126893900,14,UC6 delivery reports,200,HTTP/1.1 200,UC6 5-1,true,,342,0,1,2,http://swa-kovacs-vm4.cs.univie.ac.at/dr/delivery-report/901,14,0,0
1601126893914,16,UC4 receive order,200,HTTP/1.1 200,UC4 4-1,true,,118,0,1,2,http://swa-kovacs-vm3.cs.univie.ac.at/oprop/product-order/113,16,0,0
1601126893915,16,UC6 delivery reports,200,HTTP/1.1 200,UC6 5-1,true,,342,0,1,2,http://swa-kovacs-vm4.cs.univie.ac.at/dr/delivery-report/901,16,0,0
1601126893930,14,UC4 receive order,200,HTTP/1.1 200,UC4 4-1,true,,118,0,1,1,http://swa-kovacs-vm3.cs.univie.ac.at/oprop/product-order/113,14,0,0
1601126893944,15,UC4 receive order,200,HTTP/1.1 200,UC4 4-1,true,,118,0,1,1,http://swa-kovacs-vm3.cs.univie.ac.at/oprop/product-order/113,15,0,0
1601126894651,7,UC7 change price,200,HTTP/1.1 200,UC7 2-2,true,,127,0,1,2,http://swa-kovacs-vm2.cs.univie.ac.at/sr/stockitem/store/200/300,7,0,0
1601126894649,11,UC5 show stock report,200,HTTP/1.1 200,UC5 1-2,true,,460,0,1,2,http://swa-kovacs-vm2.cs.univie.ac.at/sr/stockitemreport/200,9,0,0
1601126894660,6,UC5 show stock report,200,HTTP/1.1 200,UC5 1-2,true,,460,0,1,3,http://swa-kovacs-vm2.cs.univie.ac.at/sr/stockitemreport/200,6,0,0
1601126894659,8,UC7 change price,200,HTTP/1.1 200,UC7 2-2,true,,127,0,1,3,http://swa-kovacs-vm2.cs.univie.ac.at/sr/stockitem/store/200/300,8,0,0
1601126894666,3,UC5 show stock report,200,HTTP/1.1 200,UC5 1-2,true,,460,0,1,3,http://swa-kovacs-vm2.cs.univie.ac.at/sr/stockitemreport/200,3,0,0
1601126894668,4,UC7 change price,200,HTTP/1.1 200,UC7 2-2,true,,127,0,1,3,http://swa-kovacs-vm2.cs.univie.ac.at/sr/stockitem/store/200/300,4,0,0
1601126894670,4,UC5 show stock report,200,HTTP/1.1 200,UC5 1-2,true,,460,0,1,3,http://swa-kovacs-vm2.cs.univie.ac.at/sr/stockitemreport/200,4,0,0
1601126894673,4,UC7 change price,200,HTTP/1.1 200,UC7 2-2,true,,127,0,1,3,http://swa-kovacs-vm2.cs.univie.ac.at/sr/stockitem/store/200/300,4,0,0
1601126894662,15,UC3 order products,200,HTTP/1.1 200,UC3 3-2,true,,231,0,1,3,http://swa-kovacs-vm3.cs.univie.ac.at/oprop/store/201/order,14,0,0
1601126894674,4,UC5 show stock report,200,HTTP/1.1 200,UC5 1-2,true,,460,0,1,3,http://swa-kovacs-vm2.cs.univie.ac.at/sr/stockitemreport/200,3,0,0
1601126894677,6,UC7 change price,200,HTTP/1.1 200,UC7 2-2,true,,127,0,1,3,http://swa-kovacs-vm2.cs.univie.ac.at/sr/stockitem/store/200/300,6,0,0
1601126894678,6,UC5 show stock report,200,HTTP/1.1 200,UC5 1-2,true,,460,0,1,3,http://swa-kovacs-vm2.cs.univie.ac.at/sr/stockitemreport/200,3,0,0
1601126894678,8,UC3 order products,200,HTTP/1.1 200,UC3 3-2,true,,231,0,1,4,http://swa-kovacs-vm3.cs.univie.ac.at/oprop/store/201/order,8,0,0
1601126894685,4,UC5 show stock report,200,HTTP/1.1 200,UC5 1-2,true,,460,0,1,4,http://swa-kovacs-vm2.cs.univie.ac.at/sr/stockitemreport/200,4,0,0
1601126894683,7,UC7 change price,200,HTTP/1.1 200,UC7 2-2,true,,127,0,1,4,http://swa-kovacs-vm2.cs.univie.ac.at/sr/stockitem/store/200/300,7,0,0
1601126894689,4,UC5 show stock report,200,HTTP/1.1 200,UC5 1-2,true,,460,0,1,4,http://swa-kovacs-vm2.cs.univie.ac.at/sr/stockitemreport/200,3,0,0
1601126894687,6,UC3 order products,200,HTTP/1.1 200,UC3 3-2,true,,231,0,1,4,http://swa-kovacs-vm3.cs.univie.ac.at/oprop/store/201/order,6,0,0
1601126894690,4,UC7 change price,200,HTTP/1.1 200,UC7 2-2,true,,127,0,1,4,http://swa-kovacs-vm2.cs.univie.ac.at/sr/stockitem/store/200/300,4,0,0
1601126894693,5,UC3 order products,200,HTTP/1.1 200,UC3 3-2,true,,231,0,1,5,http://swa-kovacs-vm3.cs.univie.ac.at/oprop/store/201/order,5,0,0
1601126894693,9,UC5 show stock report,200,HTTP/1.1 200,UC5 1-2,true,,460,0,1,5,http://swa-kovacs-vm2.cs.univie.ac.at/sr/stockitemreport/200,8,0,0
1601126894694,9,UC7 change price,200,HTTP/1.1 200,UC7 2-2,true,,127,0,1,5,http://swa-kovacs-vm2.cs.univie.ac.at/sr/stockitem/store/200/300,9,0,0
1601126894699,5,UC3 order products,200,HTTP/1.1 200,UC3 3-2,true,,231,0,1,5,http://swa-kovacs-vm3.cs.univie.ac.at/oprop/store/201/order,5,0,0
1601126894686,18,UC4 receive order,200,HTTP/1.1 200,UC4 4-2,true,,118,0,1,5,http://swa-kovacs-vm3.cs.univie.ac.at/oprop/product-order/113,18,0,0
1601126894703,5,UC7 change price,200,HTTP/1.1 200,UC7 2-2,true,,127,0,1,5,http://swa-kovacs-vm2.cs.univie.ac.at/sr/stockitem/store/200/300,5,0,0
1601126894702,7,UC5 show stock report,200,HTTP/1.1 200,UC5 1-2,true,,460,0,1,5,http://swa-kovacs-vm2.cs.univie.ac.at/sr/stockitemreport/200,5,0,0
1601126894708,4,UC7 change price,200,HTTP/1.1 200,UC7 2-2,true,,127,0,1,4,http://swa-kovacs-vm2.cs.univie.ac.at/sr/stockitem/store/200/300,4,0,0
1601126894704,9,UC3 order products,200,HTTP/1.1 200,UC3 3-2,true,,231,0,1,3,http://swa-kovacs-vm3.cs.univie.ac.at/oprop/store/201/order,9,0,0
1601126894714,5,UC3 order products,200,HTTP/1.1 200,UC3 3-2,true,,231,0,1,3,http://swa-kovacs-vm3.cs.univie.ac.at/oprop/store/201/order,5,0,0
1601126894697,25,UC6 delivery reports,200,HTTP/1.1 200,UC6 5-2,true,,342,0,1,3,http://swa-kovacs-vm4.cs.univie.ac.at/dr/delivery-report/901,25,0,0
1601126894705,20,UC4 receive order,200,HTTP/1.1 200,UC4 4-2,true,,118,0,1,3,http://swa-kovacs-vm3.cs.univie.ac.at/oprop/product-order/113,20,0,0
1601126894719,6,UC3 order products,200,HTTP/1.1 200,UC3 3-2,true,,231,0,1,3,http://swa-kovacs-vm3.cs.univie.ac.at/oprop/store/201/order,6,0,0
1601126894725,8,UC3 order products,200,HTTP/1.1 200,UC3 3-2,true,,231,0,1,3,http://swa-kovacs-vm3.cs.univie.ac.at/oprop/store/201/order,8,0,0
1601126894733,8,UC3 order products,200,HTTP/1.1 200,UC3 3-2,true,,231,0,1,3,http://swa-kovacs-vm3.cs.univie.ac.at/oprop/store/201/order,8,0,0
1601126894723,19,UC6 delivery reports,200,HTTP/1.1 200,UC6 5-2,true,,342,0,1,3,http://swa-kovacs-vm4.cs.univie.ac.at/dr/delivery-report/901,19,0,0
1601126894725,20,UC4 receive order,200,HTTP/1.1 200,UC4 4-2,true,,118,0,1,2,http://swa-kovacs-vm3.cs.univie.ac.at/oprop/product-order/113,20,0,0
1601126894742,16,UC6 delivery reports,200,HTTP/1.1 200,UC6 5-2,true,,342,0,1,2,http://swa-kovacs-vm4.cs.univie.ac.at/dr/delivery-report/901,15,0,0
1601126894745,15,UC4 receive order,200,HTTP/1.1 200,UC4 4-2,true,,118,0,1,2,http://swa-kovacs-vm3.cs.univie.ac.at/oprop/product-order/113,15,0,0
1601126894758,17,UC6 delivery reports,200,HTTP/1.1 200,UC6 5-2,true,,342,0,1,2,http://swa-kovacs-vm4.cs.univie.ac.at/dr/delivery-report/901,17,0,0
1601126894760,19,UC4 receive order,200,HTTP/1.1 200,UC4 4-2,true,,118,0,1,2,http://swa-kovacs-vm3.cs.univie.ac.at/oprop/product-order/113,19,0,0
1601126894776,18,UC6 delivery reports,200,HTTP/1.1 200,UC6 5-2,true,,342,0,1,2,http://swa-kovacs-vm4.cs.univie.ac.at/dr/delivery-report/901,18,0,0
1601126894779,21,UC4 receive order,200,HTTP/1.1 200,UC4 4-2,true,,118,0,1,2,http://swa-kovacs-vm3.cs.univie.ac.at/oprop/product-order/113,21,0,0
1601126894794,17,UC6 delivery reports,200,HTTP/1.1 200,UC6 5-2,true,,342,0,1,2,http://swa-kovacs-vm4.cs.univie.ac.at/dr/delivery-report/901,17,0,0
1601126894800,23,UC4 receive order,200,HTTP/1.1 200,UC4 4-2,true,,118,0,1,2,http://swa-kovacs-vm3.cs.univie.ac.at/oprop/product-order/113,23,0,0
1601126894811,19,UC6 delivery reports,200,HTTP/1.1 200,UC6 5-2,true,,342,0,1,2,http://swa-kovacs-vm4.cs.univie.ac.at/dr/delivery-report/901,19,0,0
1601126894824,21,UC4 receive order,200,HTTP/1.1 200,UC4 4-2,true,,118,0,1,2,http://swa-kovacs-vm3.cs.univie.ac.at/oprop/product-order/113,21,0,0
1601126894831,15,UC6 delivery reports,200,HTTP/1.1 200,UC6 5-2,true,,342,0,1,2,http://swa-kovacs-vm4.cs.univie.ac.at/dr/delivery-report/901,15,0,0
1601126894847,15,UC6 delivery reports,200,HTTP/1.1 200,UC6 5-2,true,,342,0,1,2,http://swa-kovacs-vm4.cs.univie.ac.at/dr/delivery-report/901,15,0,0
1601126894846,16,UC4 receive order,200,HTTP/1.1 200,UC4 4-2,true,,118,0,1,2,http://swa-kovacs-vm3.cs.univie.ac.at/oprop/product-order/113,16,0,0
1601126894863,15,UC4 receive order,200,HTTP/1.1 200,UC4 4-2,true,,118,0,1,2,http://swa-kovacs-vm3.cs.univie.ac.at/oprop/product-order/113,15,0,0
1601126894862,22,UC6 delivery reports,200,HTTP/1.1 200,UC6 5-2,true,,342,0,1,1,http://swa-kovacs-vm4.cs.univie.ac.at/dr/delivery-report/901,21,0,0
1601126895632,9,UC5 show stock report,200,HTTP/1.1 200,UC5 1-3,true,,460,0,1,1,http://swa-kovacs-vm2.cs.univie.ac.at/sr/stockitemreport/200,9,0,0
1601126895642,4,UC5 show stock report,200,HTTP/1.1 200,UC5 1-3,true,,460,0,1,1,http://swa-kovacs-vm2.cs.univie.ac.at/sr/stockitemreport/200,4,0,0
1601126895646,4,UC5 show stock report,200,HTTP/1.1 200,UC5 1-3,true,,460,0,1,1,http://swa-kovacs-vm2.cs.univie.ac.at/sr/stockitemreport/200,4,0,0
1601126895650,4,UC5 show stock report,200,HTTP/1.1 200,UC5 1-3,true,,460,0,1,1,http://swa-kovacs-vm2.cs.univie.ac.at/sr/stockitemreport/200,4,0,0
1601126895654,5,UC5 show stock report,200,HTTP/1.1 200,UC5 1-3,true,,460,0,1,2,http://swa-kovacs-vm2.cs.univie.ac.at/sr/stockitemreport/200,4,0,0
1601126895659,4,UC5 show stock report,200,HTTP/1.1 200,UC5 1-3,true,,460,0,1,3,http://swa-kovacs-vm2.cs.univie.ac.at/sr/stockitemreport/200,4,0,0
1601126895655,8,UC7 change price,200,HTTP/1.1 200,UC7 2-3,true,,127,0,1,3,http://swa-kovacs-vm2.cs.univie.ac.at/sr/stockitem/store/200/300,8,0,0
1601126895663,3,UC5 show stock report,200,HTTP/1.1 200,UC5 1-3,true,,460,0,1,3,http://swa-kovacs-vm2.cs.univie.ac.at/sr/stockitemreport/200,3,0,0
1601126895667,3,UC5 show stock report,200,HTTP/1.1 200,UC5 1-3,true,,460,0,1,3,http://swa-kovacs-vm2.cs.univie.ac.at/sr/stockitemreport/200,3,0,0
1601126895664,10,UC7 change price,200,HTTP/1.1 200,UC7 2-3,true,,127,0,1,3,http://swa-kovacs-vm2.cs.univie.ac.at/sr/stockitem/store/200/300,10,0,0
1601126895662,12,UC3 order products,200,HTTP/1.1 200,UC3 3-3,true,,231,0,1,3,http://swa-kovacs-vm3.cs.univie.ac.at/oprop/store/201/order,11,0,0
1601126895671,4,UC5 show stock report,200,HTTP/1.1 200,UC5 1-3,true,,460,0,1,3,http://swa-kovacs-vm2.cs.univie.ac.at/sr/stockitemreport/200,4,0,0
1601126895674,4,UC7 change price,200,HTTP/1.1 200,UC7 2-3,true,,127,0,1,3,http://swa-kovacs-vm2.cs.univie.ac.at/sr/stockitem/store/200/300,4,0,0
1601126895675,7,UC3 order products,200,HTTP/1.1 200,UC3 3-3,true,,231,0,1,3,http://swa-kovacs-vm3.cs.univie.ac.at/oprop/store/201/order,7,0,0
1601126895679,4,UC7 change price,200,HTTP/1.1 200,UC7 2-3,true,,127,0,1,3,http://swa-kovacs-vm2.cs.univie.ac.at/sr/stockitem/store/200/300,4,0,0
1601126895676,9,UC5 show stock report,200,HTTP/1.1 200,UC5 1-3,true,,460,0,1,3,http://swa-kovacs-vm2.cs.univie.ac.at/sr/stockitemreport/200,4,0,0
1601126895682,5,UC3 order products,200,HTTP/1.1 200,UC3 3-3,true,,231,0,1,2,http://swa-kovacs-vm3.cs.univie.ac.at/oprop/store/201/order,5,0,0
1601126895684,4,UC7 change price,200,HTTP/1.1 200,UC7 2-3,true,,127,0,1,3,http://swa-kovacs-vm2.cs.univie.ac.at/sr/stockitem/store/200/300,4,0,0
1601126895689,7,UC7 change price,200,HTTP/1.1 200,UC7 2-3,true,,127,0,1,3,http://swa-kovacs-vm2.cs.univie.ac.at/sr/stockitem/store/200/300,7,0,0
1601126895687,10,UC3 order products,200,HTTP/1.1 200,UC3 3-3,true,,231,0,1,4,http://swa-kovacs-vm3.cs.univie.ac.at/oprop/store/201/order,10,0,0
1601126895697,4,UC7 change price,200,HTTP/1.1 200,UC7 2-3,true,,127,0,1,4,http://swa-kovacs-vm2.cs.univie.ac.at/sr/stockitem/store/200/300,4,0,0
1601126895702,4,UC7 change price,200,HTTP/1.1 200,UC7 2-3,true,,127,0,1,4,http://swa-kovacs-vm2.cs.univie.ac.at/sr/stockitem/store/200/300,4,0,0
1601126895698,12,UC3 order products,200,HTTP/1.1 200,UC3 3-3,true,,231,0,1,4,http://swa-kovacs-vm3.cs.univie.ac.at/oprop/store/201/order,10,0,0
1601126895706,5,UC7 change price,200,HTTP/1.1 200,UC7 2-3,true,,127,0,1,4,http://swa-kovacs-vm2.cs.univie.ac.at/sr/stockitem/store/200/300,5,0,0
1601126895687,27,UC4 receive order,200,HTTP/1.1 200,UC4 4-3,true,,118,0,1,4,http://swa-kovacs-vm3.cs.univie.ac.at/oprop/product-order/113,27,0,0
1601126895712,4,UC7 change price,200,HTTP/1.1 200,UC7 2-3,true,,127,0,1,4,http://swa-kovacs-vm2.cs.univie.ac.at/sr/stockitem/store/200/300,4,0,0
1601126895710,10,UC3 order products,200,HTTP/1.1 200,UC3 3-3,true,,231,0,1,3,http://swa-kovacs-vm3.cs.univie.ac.at/oprop/store/201/order,10,0,0
1601126895697,27,UC6 delivery reports,200,HTTP/1.1 200,UC6 5-3,true,,342,0,1,3,http://swa-kovacs-vm4.cs.univie.ac.at/dr/delivery-report/901,26,0,0
1601126895724,7,UC3 order products,200,HTTP/1.1 200,UC3 3-3,true,,231,0,1,3,http://swa-kovacs-vm3.cs.univie.ac.at/oprop/store/201/order,7,0,0
1601126895715,19,UC4 receive order,200,HTTP/1.1 200,UC4 4-3,true,,118,0,1,3,http://swa-kovacs-vm3.cs.univie.ac.at/oprop/product-order/113,18,0,0
1601126895732,8,UC3 order products,200,HTTP/1.1 200,UC3 3-3,true,,231,0,1,3,http://swa-kovacs-vm3.cs.univie.ac.at/oprop/store/201/order,8,0,0
1601126895725,17,UC6 delivery reports,200,HTTP/1.1 200,UC6 5-3,true,,342,0,1,3,http://swa-kovacs-vm4.cs.univie.ac.at/dr/delivery-report/901,17,0,0
1601126895740,5,UC3 order products,200,HTTP/1.1 200,UC3 3-3,true,,231,0,1,3,http://swa-kovacs-vm3.cs.univie.ac.at/oprop/store/201/order,5,0,0
1601126895746,5,UC3 order products,200,HTTP/1.1 200,UC3 3-3,true,,231,0,1,3,http://swa-kovacs-vm3.cs.univie.ac.at/oprop/store/201/order,4,0,0
1601126895734,19,UC4 receive order,200,HTTP/1.1 200,UC4 4-3,true,,118,0,1,2,http://swa-kovacs-vm3.cs.univie.ac.at/oprop/product-order/113,19,0,0
1601126895743,16,UC6 delivery reports,200,HTTP/1.1 200,UC6 5-3,true,,342,0,1,2,http://swa-kovacs-vm4.cs.univie.ac.at/dr/delivery-report/901,16,0,0
1601126895754,14,UC4 receive order,200,HTTP/1.1 200,UC4 4-3,true,,118,0,1,2,http://swa-kovacs-vm3.cs.univie.ac.at/oprop/product-order/113,14,0,0
1601126895760,16,UC6 delivery reports,200,HTTP/1.1 200,UC6 5-3,true,,342,0,1,2,http://swa-kovacs-vm4.cs.univie.ac.at/dr/delivery-report/901,15,0,0
1601126895768,17,UC4 receive order,200,HTTP/1.1 200,UC4 4-3,true,,118,0,1,2,http://swa-kovacs-vm3.cs.univie.ac.at/oprop/product-order/113,17,0,0
1601126895776,17,UC6 delivery reports,200,HTTP/1.1 200,UC6 5-3,true,,342,0,1,2,http://swa-kovacs-vm4.cs.univie.ac.at/dr/delivery-report/901,17,0,0
1601126895785,15,UC4 receive order,200,HTTP/1.1 200,UC4 4-3,true,,118,0,1,2,http://swa-kovacs-vm3.cs.univie.ac.at/oprop/product-order/113,15,0,0
1601126895793,17,UC6 delivery reports,200,HTTP/1.1 200,UC6 5-3,true,,342,0,1,2,http://swa-kovacs-vm4.cs.univie.ac.at/dr/delivery-report/901,16,0,0
1601126895801,17,UC4 receive order,200,HTTP/1.1 200,UC4 4-3,true,,118,0,1,2,http://swa-kovacs-vm3.cs.univie.ac.at/oprop/product-order/113,17,0,0
1601126895810,17,UC6 delivery reports,200,HTTP/1.1 200,UC6 5-3,true,,342,0,1,2,http://swa-kovacs-vm4.cs.univie.ac.at/dr/delivery-report/901,16,0,0
1601126895818,15,UC4 receive order,200,HTTP/1.1 200,UC4 4-3,true,,118,0,1,2,http://swa-kovacs-vm3.cs.univie.ac.at/oprop/product-order/113,15,0,0
1601126895827,15,UC6 delivery reports,200,HTTP/1.1 200,UC6 5-3,true,,342,0,1,2,http://swa-kovacs-vm4.cs.univie.ac.at/dr/delivery-report/901,15,0,0
1601126895834,18,UC4 receive order,200,HTTP/1.1 200,UC4 4-3,true,,118,0,1,2,http://swa-kovacs-vm3.cs.univie.ac.at/oprop/product-order/113,18,0,0
1601126895842,15,UC6 delivery reports,200,HTTP/1.1 200,UC6 5-3,true,,342,0,1,2,http://swa-kovacs-vm4.cs.univie.ac.at/dr/delivery-report/901,15,0,0
1601126895852,15,UC4 receive order,200,HTTP/1.1 200,UC4 4-3,true,,118,0,1,2,http://swa-kovacs-vm3.cs.univie.ac.at/oprop/product-order/113,15,0,0
1601126895858,15,UC6 delivery reports,200,HTTP/1.1 200,UC6 5-3,true,,342,0,1,1,http://swa-kovacs-vm4.cs.univie.ac.at/dr/delivery-report/901,15,0,0
1601126896631,7,UC5 show stock report,200,HTTP/1.1 200,UC5 1-4,true,,460,0,1,1,http://swa-kovacs-vm2.cs.univie.ac.at/sr/stockitemreport/200,6,0,0
1601126896638,5,UC5 show stock report,200,HTTP/1.1 200,UC5 1-4,true,,460,0,1,1,http://swa-kovacs-vm2.cs.univie.ac.at/sr/stockitemreport/200,4,0,0
1601126896643,5,UC5 show stock report,200,HTTP/1.1 200,UC5 1-4,true,,460,0,1,1,http://swa-kovacs-vm2.cs.univie.ac.at/sr/stockitemreport/200,4,0,0
1601126896648,5,UC5 show stock report,200,HTTP/1.1 200,UC5 1-4,true,,460,0,1,2,http://swa-kovacs-vm2.cs.univie.ac.at/sr/stockitemreport/200,4,0,0
1601126896653,4,UC5 show stock report,200,HTTP/1.1 200,UC5 1-4,true,,460,0,1,2,http://swa-kovacs-vm2.cs.univie.ac.at/sr/stockitemreport/200,4,0,0
1601126896651,8,UC7 change price,200,HTTP/1.1 200,UC7 2-4,true,,127,0,1,2,http://swa-kovacs-vm2.cs.univie.ac.at/sr/stockitem/store/200/300,8,0,0
1601126896659,4,UC7 change price,200,HTTP/1.1 200,UC7 2-4,true,,127,0,1,2,http://swa-kovacs-vm2.cs.univie.ac.at/sr/stockitem/store/200/300,4,0,0
1601126896657,7,UC5 show stock report,200,HTTP/1.1 200,UC5 1-4,true,,460,0,1,2,http://swa-kovacs-vm2.cs.univie.ac.at/sr/stockitemreport/200,5,0,0
1601126896664,3,UC5 show stock report,200,HTTP/1.1 200,UC5 1-4,true,,460,0,1,3,http://swa-kovacs-vm2.cs.univie.ac.at/sr/stockitemreport/200,3,0,0
1601126896663,5,UC7 change price,200,HTTP/1.1 200,UC7 2-4,true,,127,0,1,3,http://swa-kovacs-vm2.cs.univie.ac.at/sr/stockitem/store/200/300,5,0,0
1601126896668,5,UC7 change price,200,HTTP/1.1 200,UC7 2-4,true,,127,0,1,3,http://swa-kovacs-vm2.cs.univie.ac.at/sr/stockitem/store/200/300,5,0,0
1601126896664,9,UC3 order products,200,HTTP/1.1 200,UC3 3-4,true,,231,0,1,3,http://swa-kovacs-vm3.cs.univie.ac.at/oprop/store/201/order,9,0,0
1601126896667,7,UC5 show stock report,200,HTTP/1.1 200,UC5 1-4,true,,460,0,1,3,http://swa-kovacs-vm2.cs.univie.ac.at/sr/stockitemreport/200,4,0,0
1601126896674,4,UC5 show stock report,200,HTTP/1.1 200,UC5 1-4,true,,460,0,1,3,http://swa-kovacs-vm2.cs.univie.ac.at/sr/stockitemreport/200,3,0,0
1601126896673,6,UC7 change price,200,HTTP/1.1 200,UC7 2-4,true,,127,0,1,3,http://swa-kovacs-vm2.cs.univie.ac.at/sr/stockitem/store/200/300,6,0,0
1601126896674,6,UC3 order products,200,HTTP/1.1 200,UC3 3-4,true,,231,0,1,3,http://swa-kovacs-vm3.cs.univie.ac.at/oprop/store/201/order,6,0,0
1601126896678,4,UC5 show stock report,200,HTTP/1.1 200,UC5 1-4,true,,460,0,1,3,http://swa-kovacs-vm2.cs.univie.ac.at/sr/stockitemreport/200,3,0,0
1601126896680,4,UC7 change price,200,HTTP/1.1 200,UC7 2-4,true,,127,0,1,2,http://swa-kovacs-vm2.cs.univie.ac.at/sr/stockitem/store/200/300,4,0,0
1601126896681,5,UC3 order products,200,HTTP/1.1 200,UC3 3-4,true,,231,0,1,2,http://swa-kovacs-vm3.cs.univie.ac.at/oprop/store/201/order,5,0,0
1601126896684,4,UC7 change price,200,HTTP/1.1 200,UC7 2-4,true,,127,0,1,2,http://swa-kovacs-vm2.cs.univie.ac.at/sr/stockitem/store/200/300,4,0,0
1601126896686,5,UC3 order products,200,HTTP/1.1 200,UC3 3-4,true,,231,0,1,3,http://swa-kovacs-vm3.cs.univie.ac.at/oprop/store/201/order,5,0,0
1601126896688,4,UC7 change price,200,HTTP/1.1 200,UC7 2-4,true,,127,0,1,3,http://swa-kovacs-vm2.cs.univie.ac.at/sr/stockitem/store/200/300,4,0,0
1601126896692,4,UC7 change price,200,HTTP/1.1 200,UC7 2-4,true,,127,0,1,4,http://swa-kovacs-vm2.cs.univie.ac.at/sr/stockitem/store/200/300,4,0,0
1601126896691,6,UC3 order products,200,HTTP/1.1 200,UC3 3-4,true,,231,0,1,4,http://swa-kovacs-vm3.cs.univie.ac.at/oprop/store/201/order,5,0,0
1601126896696,4,UC7 change price,200,HTTP/1.1 200,UC7 2-4,true,,127,0,1,4,http://swa-kovacs-vm2.cs.univie.ac.at/sr/stockitem/store/200/300,4,0,0
1601126896697,4,UC3 order products,200,HTTP/1.1 200,UC3 3-4,true,,231,0,1,3,http://swa-kovacs-vm3.cs.univie.ac.at/oprop/store/201/order,4,0,0
1601126896702,9,UC3 order products,200,HTTP/1.1 200,UC3 3-4,true,,231,0,1,3,http://swa-kovacs-vm3.cs.univie.ac.at/oprop/store/201/order,7,0,0
1601126896689,24,UC4 receive order,200,HTTP/1.1 200,UC4 4-4,true,,118,0,1,3,http://swa-kovacs-vm3.cs.univie.ac.at/oprop/product-order/113,24,0,0
1601126896696,22,UC6 delivery reports,200,HTTP/1.1 200,UC6 5-4,true,,342,0,1,3,http://swa-kovacs-vm4.cs.univie.ac.at/dr/delivery-report/901,21,0,0
1601126896712,9,UC3 order products,200,HTTP/1.1 200,UC3 3-4,true,,231,0,1,3,http://swa-kovacs-vm3.cs.univie.ac.at/oprop/store/201/order,8,0,0
1601126896721,5,UC3 order products,200,HTTP/1.1 200,UC3 3-4,true,,231,0,1,3,http://swa-kovacs-vm3.cs.univie.ac.at/oprop/store/201/order,5,0,0
1601126896726,5,UC3 order products,200,HTTP/1.1 200,UC3 3-4,true,,231,0,1,3,http://swa-kovacs-vm3.cs.univie.ac.at/oprop/store/201/order,5,0,0
1601126896713,21,UC4 receive order,200,HTTP/1.1 200,UC4 4-4,true,,118,0,1,2,http://swa-kovacs-vm3.cs.univie.ac.at/oprop/product-order/113,21,0,0
1601126896718,18,UC6 delivery reports,200,HTTP/1.1 200,UC6 5-4,true,,342,0,1,2,http://swa-kovacs-vm4.cs.univie.ac.at/dr/delivery-report/901,17,0,0
1601126896734,17,UC4 receive order,200,HTTP/1.1 200,UC4 4-4,true,,118,0,1,2,http://swa-kovacs-vm3.cs.univie.ac.at/oprop/product-order/113,17,0,0
1601126896736,17,UC6 delivery reports,200,HTTP/1.1 200,UC6 5-4,true,,342,0,1,2,http://swa-kovacs-vm4.cs.univie.ac.at/dr/delivery-report/901,17,0,0
1601126896751,16,UC4 receive order,200,HTTP/1.1 200,UC4 4-4,true,,118,0,1,2,http://swa-kovacs-vm3.cs.univie.ac.at/oprop/product-order/113,16,0,0
1601126896754,17,UC6 delivery reports,200,HTTP/1.1 200,UC6 5-4,true,,342,0,1,2,http://swa-kovacs-vm4.cs.univie.ac.at/dr/delivery-report/901,16,0,0
1601126896771,18,UC6 delivery reports,200,HTTP/1.1 200,UC6 5-4,true,,342,0,1,2,http://swa-kovacs-vm4.cs.univie.ac.at/dr/delivery-report/901,17,0,0
1601126896767,32,UC4 receive order,200,HTTP/1.1 200,UC4 4-4,true,,118,0,1,2,http://swa-kovacs-vm3.cs.univie.ac.at/oprop/product-order/113,32,0,0
1601126896789,17,UC6 delivery reports,200,HTTP/1.1 200,UC6 5-4,true,,342,0,1,2,http://swa-kovacs-vm4.cs.univie.ac.at/dr/delivery-report/901,16,0,0
1601126896800,19,UC4 receive order,200,HTTP/1.1 200,UC4 4-4,true,,118,0,1,2,http://swa-kovacs-vm3.cs.univie.ac.at/oprop/product-order/113,19,0,0
1601126896806,16,UC6 delivery reports,200,HTTP/1.1 200,UC6 5-4,true,,342,0,1,2,http://swa-kovacs-vm4.cs.univie.ac.at/dr/delivery-report/901,16,0,0
1601126896820,19,UC4 receive order,200,HTTP/1.1 200,UC4 4-4,true,,118,0,1,2,http://swa-kovacs-vm3.cs.univie.ac.at/oprop/product-order/113,19,0,0
1601126896822,23,UC6 delivery reports,200,HTTP/1.1 200,UC6 5-4,true,,342,0,1,2,http://swa-kovacs-vm4.cs.univie.ac.at/dr/delivery-report/901,18,0,0
1601126896845,16,UC6 delivery reports,200,HTTP/1.1 200,UC6 5-4,true,,342,0,1,2,http://swa-kovacs-vm4.cs.univie.ac.at/dr/delivery-report/901,15,0,0
1601126896840,24,UC4 receive order,200,HTTP/1.1 200,UC4 4-4,true,,118,0,1,2,http://swa-kovacs-vm3.cs.univie.ac.at/oprop/product-order/113,24,0,0
1601126896861,21,UC6 delivery reports,200,HTTP/1.1 200,UC6 5-4,true,,342,0,1,2,http://swa-kovacs-vm4.cs.univie.ac.at/dr/delivery-report/901,20,0,0
1601126896864,18,UC4 receive order,200,HTTP/1.1 200,UC4 4-4,true,,118,0,1,2,http://swa-kovacs-vm3.cs.univie.ac.at/oprop/product-order/113,18,0,0
1601126896883,18,UC4 receive order,200,HTTP/1.1 200,UC4 4-4,true,,118,0,1,1,http://swa-kovacs-vm3.cs.univie.ac.at/oprop/product-order/113,18,0,0
1601126897625,5,UC5 show stock report,200,HTTP/1.1 200,UC5 1-5,true,,460,0,1,1,http://swa-kovacs-vm2.cs.univie.ac.at/sr/stockitemreport/200,5,0,0
1601126897631,4,UC5 show stock report,200,HTTP/1.1 200,UC5 1-5,true,,460,0,1,1,http://swa-kovacs-vm2.cs.univie.ac.at/sr/stockitemreport/200,3,0,0
1601126897635,4,UC5 show stock report,200,HTTP/1.1 200,UC5 1-5,true,,460,0,1,1,http://swa-kovacs-vm2.cs.univie.ac.at/sr/stockitemreport/200,4,0,0
1601126897639,3,UC5 show stock report,200,HTTP/1.1 200,UC5 1-5,true,,460,0,1,1,http://swa-kovacs-vm2.cs.univie.ac.at/sr/stockitemreport/200,3,0,0
1601126897643,3,UC5 show stock report,200,HTTP/1.1 200,UC5 1-5,true,,460,0,1,1,http://swa-kovacs-vm2.cs.univie.ac.at/sr/stockitemreport/200,3,0,0
1601126897646,6,UC5 show stock report,200,HTTP/1.1 200,UC5 1-5,true,,460,0,1,2,http://swa-kovacs-vm2.cs.univie.ac.at/sr/stockitemreport/200,3,0,0
1601126897652,5,UC5 show stock report,200,HTTP/1.1 200,UC5 1-5,true,,460,0,1,2,http://swa-kovacs-vm2.cs.univie.ac.at/sr/stockitemreport/200,4,0,0
1601126897657,3,UC5 show stock report,200,HTTP/1.1 200,UC5 1-5,true,,460,0,1,2,http://swa-kovacs-vm2.cs.univie.ac.at/sr/stockitemreport/200,3,0,0
1601126897651,10,UC7 change price,200,HTTP/1.1 200,UC7 2-5,true,,127,0,1,2,http://swa-kovacs-vm2.cs.univie.ac.at/sr/stockitem/store/200/300,10,0,0
1601126897661,4,UC5 show stock report,200,HTTP/1.1 200,UC5 1-5,true,,460,0,1,3,http://swa-kovacs-vm2.cs.univie.ac.at/sr/stockitemreport/200,4,0,0
1601126897661,6,UC7 change price,200,HTTP/1.1 200,UC7 2-5,true,,127,0,1,3,http://swa-kovacs-vm2.cs.univie.ac.at/sr/stockitem/store/200/300,6,0,0
1601126897665,4,UC5 show stock report,200,HTTP/1.1 200,UC5 1-5,true,,460,0,1,3,http://swa-kovacs-vm2.cs.univie.ac.at/sr/stockitemreport/200,4,0,0
1601126897662,9,UC3 order products,200,HTTP/1.1 200,UC3 3-5,true,,231,0,1,2,http://swa-kovacs-vm3.cs.univie.ac.at/oprop/store/201/order,9,0,0
1601126897667,5,UC7 change price,200,HTTP/1.1 200,UC7 2-5,true,,127,0,1,2,http://swa-kovacs-vm2.cs.univie.ac.at/sr/stockitem/store/200/300,5,0,0
1601126897672,4,UC7 change price,200,HTTP/1.1 200,UC7 2-5,true,,127,0,1,2,http://swa-kovacs-vm2.cs.univie.ac.at/sr/stockitem/store/200/300,4,0,0
1601126897671,7,UC3 order products,200,HTTP/1.1 200,UC3 3-5,true,,231,0,1,2,http://swa-kovacs-vm3.cs.univie.ac.at/oprop/store/201/order,7,0,0
1601126897676,4,UC7 change price,200,HTTP/1.1 200,UC7 2-5,true,,127,0,1,2,http://swa-kovacs-vm2.cs.univie.ac.at/sr/stockitem/store/200/300,4,0,0
1601126897680,4,UC7 change price,200,HTTP/1.1 200,UC7 2-5,true,,127,0,1,2,http://swa-kovacs-vm2.cs.univie.ac.at/sr/stockitem/store/200/300,4,0,0
1601126897679,6,UC3 order products,200,HTTP/1.1 200,UC3 3-5,true,,231,0,1,3,http://swa-kovacs-vm3.cs.univie.ac.at/oprop/store/201/order,6,0,0
1601126897684,4,UC7 change price,200,HTTP/1.1 200,UC7 2-5,true,,127,0,1,3,http://swa-kovacs-vm2.cs.univie.ac.at/sr/stockitem/store/200/300,4,0,0
1601126897685,6,UC3 order products,200,HTTP/1.1 200,UC3 3-5,true,,231,0,1,3,http://swa-kovacs-vm3.cs.univie.ac.at/oprop/store/201/order,6,0,0
1601126897688,4,UC7 change price,200,HTTP/1.1 200,UC7 2-5,true,,127,0,1,3,http://swa-kovacs-vm2.cs.univie.ac.at/sr/stockitem/store/200/300,4,0,0
1601126897692,4,UC7 change price,200,HTTP/1.1 200,UC7 2-5,true,,127,0,1,4,http://swa-kovacs-vm2.cs.univie.ac.at/sr/stockitem/store/200/300,4,0,0
1601126897692,4,UC3 order products,200,HTTP/1.1 200,UC3 3-5,true,,231,0,1,4,http://swa-kovacs-vm3.cs.univie.ac.at/oprop/store/201/order,4,0,0
1601126897697,4,UC3 order products,200,HTTP/1.1 200,UC3 3-5,true,,231,0,1,4,http://swa-kovacs-vm3.cs.univie.ac.at/oprop/store/201/order,4,0,0
1601126897696,6,UC7 change price,200,HTTP/1.1 200,UC7 2-5,true,,127,0,1,4,http://swa-kovacs-vm2.cs.univie.ac.at/sr/stockitem/store/200/300,6,0,0
1601126897685,25,UC4 receive order,200,HTTP/1.1 200,UC4 4-5,true,,118,0,1,3,http://swa-kovacs-vm3.cs.univie.ac.at/oprop/product-order/113,25,0,0
1601126897701,9,UC3 order products,200,HTTP/1.1 200,UC3 3-5,true,,231,0,1,3,http://swa-kovacs-vm3.cs.univie.ac.at/oprop/store/201/order,8,0,0
1601126897711,8,UC3 order products,200,HTTP/1.1 200,UC3 3-5,true,,231,0,1,3,http://swa-kovacs-vm3.cs.univie.ac.at/oprop/store/201/order,7,0,0
1601126897720,5,UC3 order products,200,HTTP/1.1 200,UC3 3-5,true,,231,0,1,3,http://swa-kovacs-vm3.cs.univie.ac.at/oprop/store/201/order,5,0,0
1601126897696,31,UC6 delivery reports,200,HTTP/1.1 200,UC6 5-5,true,,342,0,1,3,http://swa-kovacs-vm4.cs.univie.ac.at/dr/delivery-report/901,30,0,0
1601126897725,6,UC3 order products,200,HTTP/1.1 200,UC3 3-5,true,,231,0,1,3,http://swa-kovacs-vm3.cs.univie.ac.at/oprop/store/201/order,6,0,0
1601126897710,24,UC4 receive order,200,HTTP/1.1 200,UC4 4-5,true,,118,0,1,2,http://swa-kovacs-vm3.cs.univie.ac.at/oprop/product-order/113,24,0,0
1601126897734,20,UC4 receive order,200,HTTP/1.1 200,UC4 4-5,true,,118,0,1,2,http://swa-kovacs-vm3.cs.univie.ac.at/oprop/product-order/113,20,0,0
1601126897727,28,UC6 delivery reports,200,HTTP/1.1 200,UC6 5-5,true,,342,0,1,2,http://swa-kovacs-vm4.cs.univie.ac.at/dr/delivery-report/901,27,0,0
1601126897754,17,UC4 receive order,200,HTTP/1.1 200,UC4 4-5,true,,118,0,1,2,http://swa-kovacs-vm3.cs.univie.ac.at/oprop/product-order/113,17,0,0
1601126897755,18,UC6 delivery reports,200,HTTP/1.1 200,UC6 5-5,true,,342,0,1,2,http://swa-kovacs-vm4.cs.univie.ac.at/dr/delivery-report/901,18,0,0
1601126897771,18,UC4 receive order,200,HTTP/1.1 200,UC4 4-5,true,,118,0,1,2,http://swa-kovacs-vm3.cs.univie.ac.at/oprop/product-order/113,18,0,0
1601126897773,18,UC6 delivery reports,200,HTTP/1.1 200,UC6 5-5,true,,342,0,1,2,http://swa-kovacs-vm4.cs.univie.ac.at/dr/delivery-report/901,17,0,0
1601126897790,18,UC4 receive order,200,HTTP/1.1 200,UC4 4-5,true,,118,0,1,2,http://swa-kovacs-vm3.cs.univie.ac.at/oprop/product-order/113,18,0,0
1601126897791,18,UC6 delivery reports,200,HTTP/1.1 200,UC6 5-5,true,,342,0,1,2,http://swa-kovacs-vm4.cs.univie.ac.at/dr/delivery-report/901,18,0,0
1601126897808,18,UC4 receive order,200,HTTP/1.1 200,UC4 4-5,true,,118,0,1,2,http://swa-kovacs-vm3.cs.univie.ac.at/oprop/product-order/113,18,0,0
1601126897809,20,UC6 delivery reports,200,HTTP/1.1 200,UC6 5-5,true,,342,0,1,2,http://swa-kovacs-vm4.cs.univie.ac.at/dr/delivery-report/901,19,0,0
1601126897827,16,UC4 receive order,200,HTTP/1.1 200,UC4 4-5,true,,118,0,1,2,http://swa-kovacs-vm3.cs.univie.ac.at/oprop/product-order/113,16,0,0
1601126897829,18,UC6 delivery reports,200,HTTP/1.1 200,UC6 5-5,true,,342,0,1,2,http://swa-kovacs-vm4.cs.univie.ac.at/dr/delivery-report/901,18,0,0
1601126897844,15,UC4 receive order,200,HTTP/1.1 200,UC4 4-5,true,,118,0,1,2,http://swa-kovacs-vm3.cs.univie.ac.at/oprop/product-order/113,15,0,0
1601126897848,17,UC6 delivery reports,200,HTTP/1.1 200,UC6 5-5,true,,342,0,1,2,http://swa-kovacs-vm4.cs.univie.ac.at/dr/delivery-report/901,17,0,0
1601126897859,21,UC4 receive order,200,HTTP/1.1 200,UC4 4-5,true,,118,0,1,2,http://swa-kovacs-vm3.cs.univie.ac.at/oprop/product-order/113,21,0,0
1601126897865,18,UC6 delivery reports,200,HTTP/1.1 200,UC6 5-5,true,,342,0,1,1,http://swa-kovacs-vm4.cs.univie.ac.at/dr/delivery-report/901,17,0,0
1601126897883,20,UC6 delivery reports,200,HTTP/1.1 200,UC6 5-5,true,,342,0,1,1,http://swa-kovacs-vm4.cs.univie.ac.at/dr/delivery-report/901,20,0,0
1601126898624,6,UC5 show stock report,200,HTTP/1.1 200,UC5 1-6,true,,460,0,1,1,http://swa-kovacs-vm2.cs.univie.ac.at/sr/stockitemreport/200,6,0,0
1601126898630,4,UC5 show stock report,200,HTTP/1.1 200,UC5 1-6,true,,460,0,1,1,http://swa-kovacs-vm2.cs.univie.ac.at/sr/stockitemreport/200,4,0,0
1601126898634,4,UC5 show stock report,200,HTTP/1.1 200,UC5 1-6,true,,460,0,1,1,http://swa-kovacs-vm2.cs.univie.ac.at/sr/stockitemreport/200,3,0,0
1601126898638,3,UC5 show stock report,200,HTTP/1.1 200,UC5 1-6,true,,460,0,1,1,http://swa-kovacs-vm2.cs.univie.ac.at/sr/stockitemreport/200,3,0,0
1601126898641,3,UC5 show stock report,200,HTTP/1.1 200,UC5 1-6,true,,460,0,1,1,http://swa-kovacs-vm2.cs.univie.ac.at/sr/stockitemreport/200,3,0,0
1601126898645,3,UC5 show stock report,200,HTTP/1.1 200,UC5 1-6,true,,460,0,1,1,http://swa-kovacs-vm2.cs.univie.ac.at/sr/stockitemreport/200,2,0,0
1601126898648,3,UC5 show stock report,200,HTTP/1.1 200,UC5 1-6,true,,460,0,1,2,http://swa-kovacs-vm2.cs.univie.ac.at/sr/stockitemreport/200,3,0,0
1601126898652,3,UC5 show stock report,200,HTTP/1.1 200,UC5 1-6,true,,460,0,1,2,http://swa-kovacs-vm2.cs.univie.ac.at/sr/stockitemreport/200,3,0,0
1601126898649,8,UC7 change price,200,HTTP/1.1 200,UC7 2-6,true,,127,0,1,2,http://swa-kovacs-vm2.cs.univie.ac.at/sr/stockitem/store/200/300,8,0,0
1601126898655,10,UC5 show stock report,200,HTTP/1.1 200,UC5 1-6,true,,460,0,1,3,http://swa-kovacs-vm2.cs.univie.ac.at/sr/stockitemreport/200,10,0,0
1601126898666,3,UC5 show stock report,200,HTTP/1.1 200,UC5 1-6,true,,460,0,1,3,http://swa-kovacs-vm2.cs.univie.ac.at/sr/stockitemreport/200,3,0,0
1601126898657,13,UC7 change price,200,HTTP/1.1 200,UC7 2-6,true,,127,0,1,2,http://swa-kovacs-vm2.cs.univie.ac.at/sr/stockitem/store/200/300,13,0,0
1601126898670,4,UC7 change price,200,HTTP/1.1 200,UC7 2-6,true,,127,0,1,2,http://swa-kovacs-vm2.cs.univie.ac.at/sr/stockitem/store/200/300,4,0,0
1601126898665,10,UC3 order products,200,HTTP/1.1 200,UC3 3-6,true,,231,0,1,2,http://swa-kovacs-vm3.cs.univie.ac.at/oprop/store/201/order,9,0,0
1601126898674,4,UC7 change price,200,HTTP/1.1 200,UC7 2-6,true,,127,0,1,2,http://swa-kovacs-vm2.cs.univie.ac.at/sr/stockitem/store/200/300,4,0,0
1601126898679,4,UC7 change price,200,HTTP/1.1 200,UC7 2-6,true,,127,0,1,2,http://swa-kovacs-vm2.cs.univie.ac.at/sr/stockitem/store/200/300,4,0,0
1601126898675,10,UC3 order products,200,HTTP/1.1 200,UC3 3-6,true,,231,0,1,3,http://swa-kovacs-vm3.cs.univie.ac.at/oprop/store/201/order,10,0,0
1601126898683,4,UC7 change price,200,HTTP/1.1 200,UC7 2-6,true,,127,0,1,3,http://swa-kovacs-vm2.cs.univie.ac.at/sr/stockitem/store/200/300,4,0,0
1601126898685,5,UC3 order products,200,HTTP/1.1 200,UC3 3-6,true,,231,0,1,3,http://swa-kovacs-vm3.cs.univie.ac.at/oprop/store/201/order,5,0,0
1601126898687,4,UC7 change price,200,HTTP/1.1 200,UC7 2-6,true,,127,0,1,3,http://swa-kovacs-vm2.cs.univie.ac.at/sr/stockitem/store/200/300,4,0,0
1601126898691,5,UC3 order products,200,HTTP/1.1 200,UC3 3-6,true,,231,0,1,3,http://swa-kovacs-vm3.cs.univie.ac.at/oprop/store/201/order,4,0,0
1601126898691,6,UC7 change price,200,HTTP/1.1 200,UC7 2-6,true,,127,0,1,4,http://swa-kovacs-vm2.cs.univie.ac.at/sr/stockitem/store/200/300,6,0,0
1601126898697,4,UC7 change price,200,HTTP/1.1 200,UC7 2-6,true,,127,0,1,4,http://swa-kovacs-vm2.cs.univie.ac.at/sr/stockitem/store/200/300,4,0,0
1601126898696,6,UC3 order products,200,HTTP/1.1 200,UC3 3-6,true,,231,0,1,4,http://swa-kovacs-vm3.cs.univie.ac.at/oprop/store/201/order,5,0,0
1601126898702,5,UC7 change price,200,HTTP/1.1 200,UC7 2-6,true,,127,0,1,4,http://swa-kovacs-vm2.cs.univie.ac.at/sr/stockitem/store/200/300,5,0,0
1601126898702,8,UC3 order products,200,HTTP/1.1 200,UC3 3-6,true,,231,0,1,3,http://swa-kovacs-vm3.cs.univie.ac.at/oprop/store/201/order,7,0,0
1601126898684,27,UC4 receive order,200,HTTP/1.1 200,UC4 4-6,true,,118,0,1,3,http://swa-kovacs-vm3.cs.univie.ac.at/oprop/product-order/113,27,0,0
1601126898710,9,UC3 order products,200,HTTP/1.1 200,UC3 3-6,true,,231,0,1,3,http://swa-kovacs-vm3.cs.univie.ac.at/oprop/store/201/order,9,0,0
1601126898696,28,UC6 delivery reports,200,HTTP/1.1 200,UC6 5-6,true,,342,0,1,3,http://swa-kovacs-vm4.cs.univie.ac.at/dr/delivery-report/901,28,0,0
1601126898719,5,UC3 order products,200,HTTP/1.1 200,UC3 3-6,true,,231,0,1,3,http://swa-kovacs-vm3.cs.univie.ac.at/oprop/store/201/order,5,0,0
1601126898725,5,UC3 order products,200,HTTP/1.1 200,UC3 3-6,true,,231,0,1,3,http://swa-kovacs-vm3.cs.univie.ac.at/oprop/store/201/order,5,0,0
1601126898712,22,UC4 receive order,200,HTTP/1.1 200,UC4 4-6,true,,118,0,1,3,http://swa-kovacs-vm3.cs.univie.ac.at/oprop/product-order/113,22,0,0
1601126898730,10,UC3 order products,200,HTTP/1.1 200,UC3 3-6,true,,231,0,1,3,http://swa-kovacs-vm3.cs.univie.ac.at/oprop/store/201/order,10,0,0
1601126898725,20,UC6 delivery reports,200,HTTP/1.1 200,UC6 5-6,true,,342,0,1,2,http://swa-kovacs-vm4.cs.univie.ac.at/dr/delivery-report/901,20,0,0
1601126898735,17,UC4 receive order,200,HTTP/1.1 200,UC4 4-6,true,,118,0,1,2,http://swa-kovacs-vm3.cs.univie.ac.at/oprop/product-order/113,17,0,0
1601126898745,16,UC6 delivery reports,200,HTTP/1.1 200,UC6 5-6,true,,342,0,1,2,http://swa-kovacs-vm4.cs.univie.ac.at/dr/delivery-report/901,16,0,0
1601126898752,16,UC4 receive order,200,HTTP/1.1 200,UC4 4-6,true,,118,0,1,2,http://swa-kovacs-vm3.cs.univie.ac.at/oprop/product-order/113,16,0,0
1601126898762,19,UC6 delivery reports,200,HTTP/1.1 200,UC6 5-6,true,,342,0,1,2,http://swa-kovacs-vm4.cs.univie.ac.at/dr/delivery-report/901,18,0,0
1601126898768,16,UC4 receive order,200,HTTP/1.1 200,UC4 4-6,true,,118,0,1,2,http://swa-kovacs-vm3.cs.univie.ac.at/oprop/product-order/113,16,0,0
1601126898781,17,UC6 delivery reports,200,HTTP/1.1 200,UC6 5-6,true,,342,0,1,2,http://swa-kovacs-vm4.cs.univie.ac.at/dr/delivery-report/901,16,0,0
1601126898784,15,UC4 receive order,200,HTTP/1.1 200,UC4 4-6,true,,118,0,1,2,http://swa-kovacs-vm3.cs.univie.ac.at/oprop/product-order/113,15,0,0
1601126898798,16,UC6 delivery reports,200,HTTP/1.1 200,UC6 5-6,true,,342,0,1,2,http://swa-kovacs-vm4.cs.univie.ac.at/dr/delivery-report/901,15,0,0
1601126898799,18,UC4 receive order,200,HTTP/1.1 200,UC4 4-6,true,,118,0,1,2,http://swa-kovacs-vm3.cs.univie.ac.at/oprop/product-order/113,18,0,0
1601126898814,20,UC6 delivery reports,200,HTTP/1.1 200,UC6 5-6,true,,342,0,1,2,http://swa-kovacs-vm4.cs.univie.ac.at/dr/delivery-report/901,20,0,0
1601126898817,18,UC4 receive order,200,HTTP/1.1 200,UC4 4-6,true,,118,0,1,2,http://swa-kovacs-vm3.cs.univie.ac.at/oprop/product-order/113,18,0,0
1601126898836,20,UC4 receive order,200,HTTP/1.1 200,UC4 4-6,true,,118,0,1,2,http://swa-kovacs-vm3.cs.univie.ac.at/oprop/product-order/113,20,0,0
1601126898835,27,UC6 delivery reports,200,HTTP/1.1 200,UC6 5-6,true,,342,0,1,2,http://swa-kovacs-vm4.cs.univie.ac.at/dr/delivery-report/901,27,0,0
1601126898856,18,UC4 receive order,200,HTTP/1.1 200,UC4 4-6,true,,118,0,1,2,http://swa-kovacs-vm3.cs.univie.ac.at/oprop/product-order/113,18,0,0
1601126898862,17,UC6 delivery reports,200,HTTP/1.1 200,UC6 5-6,true,,342,0,1,1,http://swa-kovacs-vm4.cs.univie.ac.at/dr/delivery-report/901,17,0,0
1601126898879,20,UC6 delivery reports,200,HTTP/1.1 200,UC6 5-6,true,,342,0,1,1,http://swa-kovacs-vm4.cs.univie.ac.at/dr/delivery-report/901,20,0,0
1601126899621,7,UC5 show stock report,200,HTTP/1.1 200,UC5 1-7,true,,460,0,1,1,http://swa-kovacs-vm2.cs.univie.ac.at/sr/stockitemreport/200,6,0,0
1601126899628,5,UC5 show stock report,200,HTTP/1.1 200,UC5 1-7,true,,460,0,1,1,http://swa-kovacs-vm2.cs.univie.ac.at/sr/stockitemreport/200,5,0,0
1601126899633,4,UC5 show stock report,200,HTTP/1.1 200,UC5 1-7,true,,460,0,1,1,http://swa-kovacs-vm2.cs.univie.ac.at/sr/stockitemreport/200,4,0,0
1601126899637,3,UC5 show stock report,200,HTTP/1.1 200,UC5 1-7,true,,460,0,1,1,http://swa-kovacs-vm2.cs.univie.ac.at/sr/stockitemreport/200,3,0,0
1601126899641,3,UC5 show stock report,200,HTTP/1.1 200,UC5 1-7,true,,460,0,1,1,http://swa-kovacs-vm2.cs.univie.ac.at/sr/stockitemreport/200,3,0,0
1601126899645,3,UC5 show stock report,200,HTTP/1.1 200,UC5 1-7,true,,460,0,1,1,http://swa-kovacs-vm2.cs.univie.ac.at/sr/stockitemreport/200,3,0,0
1601126899649,4,UC5 show stock report,200,HTTP/1.1 200,UC5 1-7,true,,460,0,1,2,http://swa-kovacs-vm2.cs.univie.ac.at/sr/stockitemreport/200,3,0,0
1601126899653,3,UC5 show stock report,200,HTTP/1.1 200,UC5 1-7,true,,460,0,1,2,http://swa-kovacs-vm2.cs.univie.ac.at/sr/stockitemreport/200,3,0,0
1601126899650,7,UC7 change price,200,HTTP/1.1 200,UC7 2-7,true,,127,0,1,2,http://swa-kovacs-vm2.cs.univie.ac.at/sr/stockitem/store/200/300,7,0,0
1601126899656,4,UC5 show stock report,200,HTTP/1.1 200,UC5 1-7,true,,460,0,1,3,http://swa-kovacs-vm2.cs.univie.ac.at/sr/stockitemreport/200,4,0,0
1601126899661,3,UC5 show stock report,200,HTTP/1.1 200,UC5 1-7,true,,460,0,1,3,http://swa-kovacs-vm2.cs.univie.ac.at/sr/stockitemreport/200,3,0,0
1601126899657,8,UC7 change price,200,HTTP/1.1 200,UC7 2-7,true,,127,0,1,2,http://swa-kovacs-vm2.cs.univie.ac.at/sr/stockitem/store/200/300,8,0,0
1601126899659,7,UC3 order products,200,HTTP/1.1 200,UC3 3-7,true,,231,0,1,2,http://swa-kovacs-vm3.cs.univie.ac.at/oprop/store/201/order,7,0,0
1601126899666,3,UC7 change price,200,HTTP/1.1 200,UC7 2-7,true,,127,0,1,2,http://swa-kovacs-vm2.cs.univie.ac.at/sr/stockitem/store/200/300,3,0,0
1601126899666,6,UC3 order products,200,HTTP/1.1 200,UC3 3-7,true,,231,0,1,2,http://swa-kovacs-vm3.cs.univie.ac.at/oprop/store/201/order,6,0,0
1601126899670,3,UC7 change price,200,HTTP/1.1 200,UC7 2-7,true,,127,0,1,2,http://swa-kovacs-vm2.cs.univie.ac.at/sr/stockitem/store/200/300,3,0,0
1601126899673,4,UC7 change price,200,HTTP/1.1 200,UC7 2-7,true,,127,0,1,2,http://swa-kovacs-vm2.cs.univie.ac.at/sr/stockitem/store/200/300,4,0,0
1601126899672,5,UC3 order products,200,HTTP/1.1 200,UC3 3-7,true,,231,0,1,2,http://swa-kovacs-vm3.cs.univie.ac.at/oprop/store/201/order,5,0,0
1601126899677,4,UC7 change price,200,HTTP/1.1 200,UC7 2-7,true,,127,0,1,2,http://swa-kovacs-vm2.cs.univie.ac.at/sr/stockitem/store/200/300,4,0,0
1601126899681,3,UC7 change price,200,HTTP/1.1 200,UC7 2-7,true,,127,0,1,2,http://swa-kovacs-vm2.cs.univie.ac.at/sr/stockitem/store/200/300,3,0,0
1601126899685,3,UC7 change price,200,HTTP/1.1 200,UC7 2-7,true,,127,0,1,3,http://swa-kovacs-vm2.cs.univie.ac.at/sr/stockitem/store/200/300,3,0,0
1601126899678,14,UC3 order products,200,HTTP/1.1 200,UC3 3-7,true,,231,0,1,3,http://swa-kovacs-vm3.cs.univie.ac.at/oprop/store/201/order,13,0,0
1601126899689,4,UC7 change price,200,HTTP/1.1 200,UC7 2-7,true,,127,0,1,3,http://swa-kovacs-vm2.cs.univie.ac.at/sr/stockitem/store/200/300,4,0,0
1601126899692,6,UC3 order products,200,HTTP/1.1 200,UC3 3-7,true,,231,0,1,4,http://swa-kovacs-vm3.cs.univie.ac.at/oprop/store/201/order,5,0,0
1601126899693,6,UC7 change price,200,HTTP/1.1 200,UC7 2-7,true,,127,0,1,4,http://swa-kovacs-vm2.cs.univie.ac.at/sr/stockitem/store/200/300,6,0,0
1601126899698,5,UC3 order products,200,HTTP/1.1 200,UC3 3-7,true,,231,0,1,3,http://swa-kovacs-vm3.cs.univie.ac.at/oprop/store/201/order,5,0,0
1601126899685,22,UC4 receive order,200,HTTP/1.1 200,UC4 4-7,true,,118,0,1,3,http://swa-kovacs-vm3.cs.univie.ac.at/oprop/product-order/113,22,0,0
1601126899703,6,UC3 order products,200,HTTP/1.1 200,UC3 3-7,true,,231,0,1,3,http://swa-kovacs-vm3.cs.univie.ac.at/oprop/store/201/order,5,0,0
1601126899709,6,UC3 order products,200,HTTP/1.1 200,UC3 3-7,true,,231,0,1,3,http://swa-kovacs-vm3.cs.univie.ac.at/oprop/store/201/order,5,0,0
1601126899715,5,UC3 order products,200,HTTP/1.1 200,UC3 3-7,true,,231,0,1,3,http://swa-kovacs-vm3.cs.univie.ac.at/oprop/store/201/order,5,0,0
1601126899720,5,UC3 order products,200,HTTP/1.1 200,UC3 3-7,true,,231,0,1,3,http://swa-kovacs-vm3.cs.univie.ac.at/oprop/store/201/order,5,0,0
1601126899696,32,UC6 delivery reports,200,HTTP/1.1 200,UC6 5-7,true,,342,0,1,2,http://swa-kovacs-vm4.cs.univie.ac.at/dr/delivery-report/901,32,0,0
1601126899708,22,UC4 receive order,200,HTTP/1.1 200,UC4 4-7,true,,118,0,1,2,http://swa-kovacs-vm3.cs.univie.ac.at/oprop/product-order/113,22,0,0
1601126899728,18,UC6 delivery reports,200,HTTP/1.1 200,UC6 5-7,true,,342,0,1,2,http://swa-kovacs-vm4.cs.univie.ac.at/dr/delivery-report/901,18,0,0
1601126899730,18,UC4 receive order,200,HTTP/1.1 200,UC4 4-7,true,,118,0,1,2,http://swa-kovacs-vm3.cs.univie.ac.at/oprop/product-order/113,18,0,0
1601126899747,15,UC6 delivery reports,200,HTTP/1.1 200,UC6 5-7,true,,342,0,1,2,http://swa-kovacs-vm4.cs.univie.ac.at/dr/delivery-report/901,14,0,0
1601126899749,20,UC4 receive order,200,HTTP/1.1 200,UC4 4-7,true,,118,0,1,2,http://swa-kovacs-vm3.cs.univie.ac.at/oprop/product-order/113,20,0,0
1601126899762,17,UC6 delivery reports,200,HTTP/1.1 200,UC6 5-7,true,,342,0,1,2,http://swa-kovacs-vm4.cs.univie.ac.at/dr/delivery-report/901,16,0,0
1601126899769,17,UC4 receive order,200,HTTP/1.1 200,UC4 4-7,true,,118,0,1,2,http://swa-kovacs-vm3.cs.univie.ac.at/oprop/product-order/113,17,0,0
1601126899779,18,UC6 delivery reports,200,HTTP/1.1 200,UC6 5-7,true,,342,0,1,2,http://swa-kovacs-vm4.cs.univie.ac.at/dr/delivery-report/901,18,0,0
1601126899786,16,UC4 receive order,200,HTTP/1.1 200,UC4 4-7,true,,118,0,1,2,http://swa-kovacs-vm3.cs.univie.ac.at/oprop/product-order/113,16,0,0
1601126899798,16,UC6 delivery reports,200,HTTP/1.1 200,UC6 5-7,true,,342,0,1,2,http://swa-kovacs-vm4.cs.univie.ac.at/dr/delivery-report/901,15,0,0
1601126899802,32,UC4 receive order,200,HTTP/1.1 200,UC4 4-7,true,,118,0,1,2,http://swa-kovacs-vm3.cs.univie.ac.at/oprop/product-order/113,32,0,0
1601126899814,22,UC6 delivery reports,200,HTTP/1.1 200,UC6 5-7,true,,342,0,1,2,http://swa-kovacs-vm4.cs.univie.ac.at/dr/delivery-report/901,22,0,0
1601126899835,17,UC4 receive order,200,HTTP/1.1 200,UC4 4-7,true,,118,0,1,2,http://swa-kovacs-vm3.cs.univie.ac.at/oprop/product-order/113,17,0,0
1601126899837,17,UC6 delivery reports,200,HTTP/1.1 200,UC6 5-7,true,,342,0,1,2,http://swa-kovacs-vm4.cs.univie.ac.at/dr/delivery-report/901,17,0,0
1601126899852,17,UC4 receive order,200,HTTP/1.1 200,UC4 4-7,true,,118,0,1,2,http://swa-kovacs-vm3.cs.univie.ac.at/oprop/product-order/113,17,0,0
1601126899855,16,UC6 delivery reports,200,HTTP/1.1 200,UC6 5-7,true,,342,0,1,2,http://swa-kovacs-vm4.cs.univie.ac.at/dr/delivery-report/901,16,0,0
1601126899869,16,UC4 receive order,200,HTTP/1.1 200,UC4 4-7,true,,118,0,1,2,http://swa-kovacs-vm3.cs.univie.ac.at/oprop/product-order/113,16,0,0
1601126899872,15,UC6 delivery reports,200,HTTP/1.1 200,UC6 5-7,true,,342,0,1,1,http://swa-kovacs-vm4.cs.univie.ac.at/dr/delivery-report/901,14,0,0
1601126900620,6,UC5 show stock report,200,HTTP/1.1 200,UC5 1-8,true,,460,0,1,1,http://swa-kovacs-vm2.cs.univie.ac.at/sr/stockitemreport/200,6,0,0
1601126900627,4,UC5 show stock report,200,HTTP/1.1 200,UC5 1-8,true,,460,0,1,1,http://swa-kovacs-vm2.cs.univie.ac.at/sr/stockitemreport/200,4,0,0
1601126900631,6,UC5 show stock report,200,HTTP/1.1 200,UC5 1-8,true,,460,0,1,1,http://swa-kovacs-vm2.cs.univie.ac.at/sr/stockitemreport/200,6,0,0
1601126900637,3,UC5 show stock report,200,HTTP/1.1 200,UC5 1-8,true,,460,0,1,1,http://swa-kovacs-vm2.cs.univie.ac.at/sr/stockitemreport/200,3,0,0
1601126900640,3,UC5 show stock report,200,HTTP/1.1 200,UC5 1-8,true,,460,0,1,1,http://swa-kovacs-vm2.cs.univie.ac.at/sr/stockitemreport/200,3,0,0
1601126900644,3,UC5 show stock report,200,HTTP/1.1 200,UC5 1-8,true,,460,0,1,1,http://swa-kovacs-vm2.cs.univie.ac.at/sr/stockitemreport/200,2,0,0
1601126900649,4,UC7 change price,200,HTTP/1.1 200,UC7 2-8,true,,127,0,1,2,http://swa-kovacs-vm2.cs.univie.ac.at/sr/stockitem/store/200/300,4,0,0
1601126900647,7,UC5 show stock report,200,HTTP/1.1 200,UC5 1-8,true,,460,0,1,2,http://swa-kovacs-vm2.cs.univie.ac.at/sr/stockitemreport/200,3,0,0
1601126900654,6,UC7 change price,200,HTTP/1.1 200,UC7 2-8,true,,127,0,1,3,http://swa-kovacs-vm2.cs.univie.ac.at/sr/stockitem/store/200/300,6,0,0
1601126900654,6,UC5 show stock report,200,HTTP/1.1 200,UC5 1-8,true,,460,0,1,3,http://swa-kovacs-vm2.cs.univie.ac.at/sr/stockitemreport/200,6,0,0
1601126900661,4,UC5 show stock report,200,HTTP/1.1 200,UC5 1-8,true,,460,0,1,3,http://swa-kovacs-vm2.cs.univie.ac.at/sr/stockitemreport/200,3,0,0
1601126900657,8,UC3 order products,200,HTTP/1.1 200,UC3 3-8,true,,231,0,1,3,http://swa-kovacs-vm3.cs.univie.ac.at/oprop/store/201/order,8,0,0
1601126900661,5,UC7 change price,200,HTTP/1.1 200,UC7 2-8,true,,127,0,1,3,http://swa-kovacs-vm2.cs.univie.ac.at/sr/stockitem/store/200/300,5,0,0
1601126900667,3,UC7 change price,200,HTTP/1.1 200,UC7 2-8,true,,127,0,1,3,http://swa-kovacs-vm2.cs.univie.ac.at/sr/stockitem/store/200/300,3,0,0
1601126900665,6,UC5 show stock report,200,HTTP/1.1 200,UC5 1-8,true,,460,0,1,3,http://swa-kovacs-vm2.cs.univie.ac.at/sr/stockitemreport/200,6,0,0
1601126900665,6,UC3 order products,200,HTTP/1.1 200,UC3 3-8,true,,231,0,1,3,http://swa-kovacs-vm3.cs.univie.ac.at/oprop/store/201/order,5,0,0
1601126900671,3,UC7 change price,200,HTTP/1.1 200,UC7 2-8,true,,127,0,1,2,http://swa-kovacs-vm2.cs.univie.ac.at/sr/stockitem/store/200/300,3,0,0
1601126900671,6,UC3 order products,200,HTTP/1.1 200,UC3 3-8,true,,231,0,1,2,http://swa-kovacs-vm3.cs.univie.ac.at/oprop/store/201/order,6,0,0
1601126900674,3,UC7 change price,200,HTTP/1.1 200,UC7 2-8,true,,127,0,1,2,http://swa-kovacs-vm2.cs.univie.ac.at/sr/stockitem/store/200/300,3,0,0
1601126900678,3,UC7 change price,200,HTTP/1.1 200,UC7 2-8,true,,127,0,1,2,http://swa-kovacs-vm2.cs.univie.ac.at/sr/stockitem/store/200/300,3,0,0
1601126900677,5,UC3 order products,200,HTTP/1.1 200,UC3 3-8,true,,231,0,1,2,http://swa-kovacs-vm3.cs.univie.ac.at/oprop/store/201/order,5,0,0
1601126900681,4,UC7 change price,200,HTTP/1.1 200,UC7 2-8,true,,127,0,1,3,http://swa-kovacs-vm2.cs.univie.ac.at/sr/stockitem/store/200/300,4,0,0
1601126900685,4,UC7 change price,200,HTTP/1.1 200,UC7 2-8,true,,127,0,1,3,http://swa-kovacs-vm2.cs.univie.ac.at/sr/stockitem/store/200/300,4,0,0
1601126900689,4,UC7 change price,200,HTTP/1.1 200,UC7 2-8,true,,127,0,1,3,http://swa-kovacs-vm2.cs.univie.ac.at/sr/stockitem/store/200/300,4,0,0
1601126900683,11,UC3 order products,200,HTTP/1.1 200,UC3 3-8,true,,231,0,1,2,http://swa-kovacs-vm3.cs.univie.ac.at/oprop/store/201/order,10,0,0
1601126900694,6,UC3 order products,200,HTTP/1.1 200,UC3 3-8,true,,231,0,1,3,http://swa-kovacs-vm3.cs.univie.ac.at/oprop/store/201/order,5,0,0
1601126900700,5,UC3 order products,200,HTTP/1.1 200,UC3 3-8,true,,231,0,1,3,http://swa-kovacs-vm3.cs.univie.ac.at/oprop/store/201/order,5,0,0
1601126900684,26,UC4 receive order,200,HTTP/1.1 200,UC4 4-8,true,,118,0,1,3,http://swa-kovacs-vm3.cs.univie.ac.at/oprop/product-order/113,26,0,0
1601126900706,6,UC3 order products,200,HTTP/1.1 200,UC3 3-8,true,,231,0,1,3,http://swa-kovacs-vm3.cs.univie.ac.at/oprop/store/201/order,6,0,0
1601126900713,5,UC3 order products,200,HTTP/1.1 200,UC3 3-8,true,,231,0,1,3,http://swa-kovacs-vm3.cs.univie.ac.at/oprop/store/201/order,5,0,0
1601126900696,27,UC6 delivery reports,200,HTTP/1.1 200,UC6 5-8,true,,342,0,1,3,http://swa-kovacs-vm4.cs.univie.ac.at/dr/delivery-report/901,26,0,0
1601126900718,8,UC3 order products,200,HTTP/1.1 200,UC3 3-8,true,,231,0,1,3,http://swa-kovacs-vm3.cs.univie.ac.at/oprop/store/201/order,8,0,0
1601126900710,18,UC4 receive order,200,HTTP/1.1 200,UC4 4-8,true,,118,0,1,2,http://swa-kovacs-vm3.cs.univie.ac.at/oprop/product-order/113,18,0,0
1601126900723,18,UC6 delivery reports,200,HTTP/1.1 200,UC6 5-8,true,,342,0,1,2,http://swa-kovacs-vm4.cs.univie.ac.at/dr/delivery-report/901,17,0,0
1601126900728,20,UC4 receive order,200,HTTP/1.1 200,UC4 4-8,true,,118,0,1,2,http://swa-kovacs-vm3.cs.univie.ac.at/oprop/product-order/113,20,0,0
1601126900741,19,UC6 delivery reports,200,HTTP/1.1 200,UC6 5-8,true,,342,0,1,2,http://swa-kovacs-vm4.cs.univie.ac.at/dr/delivery-report/901,18,0,0
1601126900748,20,UC4 receive order,200,HTTP/1.1 200,UC4 4-8,true,,118,0,1,2,http://swa-kovacs-vm3.cs.univie.ac.at/oprop/product-order/113,20,0,0
1601126900760,19,UC6 delivery reports,200,HTTP/1.1 200,UC6 5-8,true,,342,0,1,2,http://swa-kovacs-vm4.cs.univie.ac.at/dr/delivery-report/901,18,0,0
1601126900768,16,UC4 receive order,200,HTTP/1.1 200,UC4 4-8,true,,118,0,1,2,http://swa-kovacs-vm3.cs.univie.ac.at/oprop/product-order/113,16,0,0
1601126900779,19,UC6 delivery reports,200,HTTP/1.1 200,UC6 5-8,true,,342,0,1,2,http://swa-kovacs-vm4.cs.univie.ac.at/dr/delivery-report/901,18,0,0
1601126900784,17,UC4 receive order,200,HTTP/1.1 200,UC4 4-8,true,,118,0,1,2,http://swa-kovacs-vm3.cs.univie.ac.at/oprop/product-order/113,17,0,0
1601126900798,17,UC6 delivery reports,200,HTTP/1.1 200,UC6 5-8,true,,342,0,1,2,http://swa-kovacs-vm4.cs.univie.ac.at/dr/delivery-report/901,16,0,0
1601126900802,20,UC4 receive order,200,HTTP/1.1 200,UC4 4-8,true,,118,0,1,2,http://swa-kovacs-vm3.cs.univie.ac.at/oprop/product-order/113,20,0,0
1601126900815,14,UC6 delivery reports,200,HTTP/1.1 200,UC6 5-8,true,,342,0,1,2,http://swa-kovacs-vm4.cs.univie.ac.at/dr/delivery-report/901,14,0,0
1601126900822,18,UC4 receive order,200,HTTP/1.1 200,UC4 4-8,true,,118,0,1,2,http://swa-kovacs-vm3.cs.univie.ac.at/oprop/product-order/113,18,0,0
1601126900830,15,UC6 delivery reports,200,HTTP/1.1 200,UC6 5-8,true,,342,0,1,2,http://swa-kovacs-vm4.cs.univie.ac.at/dr/delivery-report/901,14,0,0
1601126900840,17,UC4 receive order,200,HTTP/1.1 200,UC4 4-8,true,,118,0,1,2,http://swa-kovacs-vm3.cs.univie.ac.at/oprop/product-order/113,17,0,0
1601126900845,15,UC6 delivery reports,200,HTTP/1.1 200,UC6 5-8,true,,342,0,1,2,http://swa-kovacs-vm4.cs.univie.ac.at/dr/delivery-report/901,15,0,0
1601126900857,16,UC4 receive order,200,HTTP/1.1 200,UC4 4-8,true,,118,0,1,2,http://swa-kovacs-vm3.cs.univie.ac.at/oprop/product-order/113,16,0,0
1601126900860,18,UC6 delivery reports,200,HTTP/1.1 200,UC6 5-8,true,,342,0,1,1,http://swa-kovacs-vm4.cs.univie.ac.at/dr/delivery-report/901,17,0,0
1601126901621,6,UC5 show stock report,200,HTTP/1.1 200,UC5 1-9,true,,460,0,1,1,http://swa-kovacs-vm2.cs.univie.ac.at/sr/stockitemreport/200,6,0,0
1601126901627,3,UC5 show stock report,200,HTTP/1.1 200,UC5 1-9,true,,460,0,1,1,http://swa-kovacs-vm2.cs.univie.ac.at/sr/stockitemreport/200,3,0,0
1601126901630,4,UC5 show stock report,200,HTTP/1.1 200,UC5 1-9,true,,460,0,1,1,http://swa-kovacs-vm2.cs.univie.ac.at/sr/stockitemreport/200,3,0,0
1601126901634,5,UC5 show stock report,200,HTTP/1.1 200,UC5 1-9,true,,460,0,1,1,http://swa-kovacs-vm2.cs.univie.ac.at/sr/stockitemreport/200,4,0,0
1601126901639,5,UC5 show stock report,200,HTTP/1.1 200,UC5 1-9,true,,460,0,1,2,http://swa-kovacs-vm2.cs.univie.ac.at/sr/stockitemreport/200,5,0,0
1601126901643,5,UC7 change price,200,HTTP/1.1 200,UC7 2-9,true,,127,0,1,2,http://swa-kovacs-vm2.cs.univie.ac.at/sr/stockitem/store/200/300,5,0,0
1601126901644,5,UC5 show stock report,200,HTTP/1.1 200,UC5 1-9,true,,460,0,1,2,http://swa-kovacs-vm2.cs.univie.ac.at/sr/stockitemreport/200,5,0,0
1601126901649,5,UC7 change price,200,HTTP/1.1 200,UC7 2-9,true,,127,0,1,2,http://swa-kovacs-vm2.cs.univie.ac.at/sr/stockitem/store/200/300,5,0,0
1601126901649,6,UC5 show stock report,200,HTTP/1.1 200,UC5 1-9,true,,460,0,1,2,http://swa-kovacs-vm2.cs.univie.ac.at/sr/stockitemreport/200,4,0,0
1601126901655,4,UC7 change price,200,HTTP/1.1 200,UC7 2-9,true,,127,0,1,3,http://swa-kovacs-vm2.cs.univie.ac.at/sr/stockitem/store/200/300,4,0,0
1601126901655,5,UC5 show stock report,200,HTTP/1.1 200,UC5 1-9,true,,455,0,1,3,http://swa-kovacs-vm2.cs.univie.ac.at/sr/stockitemreport/200,5,0,0
1601126901659,4,UC7 change price,200,HTTP/1.1 200,UC7 2-9,true,,127,0,1,3,http://swa-kovacs-vm2.cs.univie.ac.at/sr/stockitem/store/200/300,4,0,0
1601126901660,4,UC5 show stock report,200,HTTP/1.1 200,UC5 1-9,true,,460,0,1,3,http://swa-kovacs-vm2.cs.univie.ac.at/sr/stockitemreport/200,4,0,0
1601126901659,8,UC3 order products,200,HTTP/1.1 200,UC3 3-9,true,,231,0,1,3,http://swa-kovacs-vm3.cs.univie.ac.at/oprop/store/201/order,8,0,0
1601126901664,4,UC7 change price,200,HTTP/1.1 200,UC7 2-9,true,,127,0,1,3,http://swa-kovacs-vm2.cs.univie.ac.at/sr/stockitem/store/200/300,4,0,0
1601126901665,4,UC5 show stock report,200,HTTP/1.1 200,UC5 1-9,true,,460,0,1,3,http://swa-kovacs-vm2.cs.univie.ac.at/sr/stockitemreport/200,2,0,0
1601126901668,4,UC7 change price,200,HTTP/1.1 200,UC7 2-9,true,,127,0,1,2,http://swa-kovacs-vm2.cs.univie.ac.at/sr/stockitem/store/200/300,4,0,0
1601126901668,7,UC3 order products,200,HTTP/1.1 200,UC3 3-9,true,,231,0,1,2,http://swa-kovacs-vm3.cs.univie.ac.at/oprop/store/201/order,7,0,0
1601126901672,3,UC7 change price,200,HTTP/1.1 200,UC7 2-9,true,,127,0,1,2,http://swa-kovacs-vm2.cs.univie.ac.at/sr/stockitem/store/200/300,3,0,0
1601126901676,4,UC7 change price,200,HTTP/1.1 200,UC7 2-9,true,,127,0,1,2,http://swa-kovacs-vm2.cs.univie.ac.at/sr/stockitem/store/200/300,4,0,0
1601126901675,6,UC3 order products,200,HTTP/1.1 200,UC3 3-9,true,,231,0,1,2,http://swa-kovacs-vm3.cs.univie.ac.at/oprop/store/201/order,5,0,0
1601126901680,5,UC7 change price,200,HTTP/1.1 200,UC7 2-9,true,,127,0,1,3,http://swa-kovacs-vm2.cs.univie.ac.at/sr/stockitem/store/200/300,5,0,0
1601126901681,5,UC3 order products,200,HTTP/1.1 200,UC3 3-9,true,,231,0,1,3,http://swa-kovacs-vm3.cs.univie.ac.at/oprop/store/201/order,5,0,0
1601126901685,3,UC7 change price,200,HTTP/1.1 200,UC7 2-9,true,,127,0,1,3,http://swa-kovacs-vm2.cs.univie.ac.at/sr/stockitem/store/200/300,3,0,0
1601126901686,6,UC3 order products,200,HTTP/1.1 200,UC3 3-9,true,,231,0,1,2,http://swa-kovacs-vm3.cs.univie.ac.at/oprop/store/201/order,6,0,0
1601126901692,5,UC3 order products,200,HTTP/1.1 200,UC3 3-9,true,,231,0,1,3,http://swa-kovacs-vm3.cs.univie.ac.at/oprop/store/201/order,4,0,0
1601126901697,9,UC3 order products,200,HTTP/1.1 200,UC3 3-9,true,,231,0,1,3,http://swa-kovacs-vm3.cs.univie.ac.at/oprop/store/201/order,9,0,0
1601126901684,29,UC4 receive order,200,HTTP/1.1 200,UC4 4-9,true,,118,0,1,3,http://swa-kovacs-vm3.cs.univie.ac.at/oprop/product-order/113,29,0,0
1601126901706,14,UC3 order products,200,HTTP/1.1 200,UC3 3-9,true,,231,0,1,3,http://swa-kovacs-vm3.cs.univie.ac.at/oprop/store/201/order,13,0,0
1601126901696,24,UC6 delivery reports,200,HTTP/1.1 200,UC6 5-9,true,,342,0,1,3,http://swa-kovacs-vm4.cs.univie.ac.at/dr/delivery-report/901,24,0,0
1601126901720,5,UC3 order products,200,HTTP/1.1 200,UC3 3-9,true,,231,0,1,3,http://swa-kovacs-vm3.cs.univie.ac.at/oprop/store/201/order,5,0,0
1601126901725,4,UC3 order products,200,HTTP/1.1 200,UC3 3-9,true,,231,0,1,3,http://swa-kovacs-vm3.cs.univie.ac.at/oprop/store/201/order,4,0,0
1601126901713,19,UC4 receive order,200,HTTP/1.1 200,UC4 4-9,true,,118,0,1,2,http://swa-kovacs-vm3.cs.univie.ac.at/oprop/product-order/113,19,0,0
1601126901720,18,UC6 delivery reports,200,HTTP/1.1 200,UC6 5-9,true,,342,0,1,2,http://swa-kovacs-vm4.cs.univie.ac.at/dr/delivery-report/901,18,0,0
1601126901732,16,UC4 receive order,200,HTTP/1.1 200,UC4 4-9,true,,118,0,1,2,http://swa-kovacs-vm3.cs.univie.ac.at/oprop/product-order/113,16,0,0
1601126901738,15,UC6 delivery reports,200,HTTP/1.1 200,UC6 5-9,true,,342,0,1,2,http://swa-kovacs-vm4.cs.univie.ac.at/dr/delivery-report/901,15,0,0
1601126901748,14,UC4 receive order,200,HTTP/1.1 200,UC4 4-9,true,,118,0,1,2,http://swa-kovacs-vm3.cs.univie.ac.at/oprop/product-order/113,14,0,0
1601126901753,16,UC6 delivery reports,200,HTTP/1.1 200,UC6 5-9,true,,342,0,1,2,http://swa-kovacs-vm4.cs.univie.ac.at/dr/delivery-report/901,15,0,0
1601126901762,16,UC4 receive order,200,HTTP/1.1 200,UC4 4-9,true,,118,0,1,2,http://swa-kovacs-vm3.cs.univie.ac.at/oprop/product-order/113,16,0,0
1601126901769,15,UC6 delivery reports,200,HTTP/1.1 200,UC6 5-9,true,,342,0,1,2,http://swa-kovacs-vm4.cs.univie.ac.at/dr/delivery-report/901,15,0,0
1601126901779,17,UC4 receive order,200,HTTP/1.1 200,UC4 4-9,true,,118,0,1,2,http://swa-kovacs-vm3.cs.univie.ac.at/oprop/product-order/113,17,0,0
1601126901784,16,UC6 delivery reports,200,HTTP/1.1 200,UC6 5-9,true,,342,0,1,2,http://swa-kovacs-vm4.cs.univie.ac.at/dr/delivery-report/901,16,0,0
1601126901797,14,UC4 receive order,200,HTTP/1.1 200,UC4 4-9,true,,118,0,1,2,http://swa-kovacs-vm3.cs.univie.ac.at/oprop/product-order/113,14,0,0
1601126901800,15,UC6 delivery reports,200,HTTP/1.1 200,UC6 5-9,true,,342,0,1,2,http://swa-kovacs-vm4.cs.univie.ac.at/dr/delivery-report/901,15,0,0
1601126901811,16,UC4 receive order,200,HTTP/1.1 200,UC4 4-9,true,,118,0,1,2,http://swa-kovacs-vm3.cs.univie.ac.at/oprop/product-order/113,16,0,0
1601126901816,17,UC6 delivery reports,200,HTTP/1.1 200,UC6 5-9,true,,342,0,1,2,http://swa-kovacs-vm4.cs.univie.ac.at/dr/delivery-report/901,16,0,0
1601126901827,15,UC4 receive order,200,HTTP/1.1 200,UC4 4-9,true,,118,0,1,2,http://swa-kovacs-vm3.cs.univie.ac.at/oprop/product-order/113,15,0,0
1601126901833,14,UC6 delivery reports,200,HTTP/1.1 200,UC6 5-9,true,,342,0,1,2,http://swa-kovacs-vm4.cs.univie.ac.at/dr/delivery-report/901,14,0,0
1601126901842,17,UC4 receive order,200,HTTP/1.1 200,UC4 4-9,true,,118,0,1,2,http://swa-kovacs-vm3.cs.univie.ac.at/oprop/product-order/113,17,0,0
1601126901848,14,UC6 delivery reports,200,HTTP/1.1 200,UC6 5-9,true,,342,0,1,1,http://swa-kovacs-vm4.cs.univie.ac.at/dr/delivery-report/901,14,0,0
1601126902620,5,UC5 show stock report,200,HTTP/1.1 200,UC5 1-10,true,,460,0,1,1,http://swa-kovacs-vm2.cs.univie.ac.at/sr/stockitemreport/200,5,0,0
1601126902625,3,UC5 show stock report,200,HTTP/1.1 200,UC5 1-10,true,,460,0,1,1,http://swa-kovacs-vm2.cs.univie.ac.at/sr/stockitemreport/200,3,0,0
1601126902629,3,UC5 show stock report,200,HTTP/1.1 200,UC5 1-10,true,,460,0,1,1,http://swa-kovacs-vm2.cs.univie.ac.at/sr/stockitemreport/200,3,0,0
1601126902635,6,UC7 change price,200,HTTP/1.1 200,UC7 2-10,true,,127,0,1,2,http://swa-kovacs-vm2.cs.univie.ac.at/sr/stockitem/store/200/300,6,0,0
1601126902633,8,UC5 show stock report,200,HTTP/1.1 200,UC5 1-10,true,,460,0,1,2,http://swa-kovacs-vm2.cs.univie.ac.at/sr/stockitemreport/200,3,0,0
1601126902641,3,UC5 show stock report,200,HTTP/1.1 200,UC5 1-10,true,,460,0,1,2,http://swa-kovacs-vm2.cs.univie.ac.at/sr/stockitemreport/200,3,0,0
1601126902641,4,UC7 change price,200,HTTP/1.1 200,UC7 2-10,true,,127,0,1,2,http://swa-kovacs-vm2.cs.univie.ac.at/sr/stockitem/store/200/300,4,0,0
1601126902645,4,UC5 show stock report,200,HTTP/1.1 200,UC5 1-10,true,,460,0,1,2,http://swa-kovacs-vm2.cs.univie.ac.at/sr/stockitemreport/200,3,0,0
1601126902645,5,UC7 change price,200,HTTP/1.1 200,UC7 2-10,true,,127,0,1,2,http://swa-kovacs-vm2.cs.univie.ac.at/sr/stockitem/store/200/300,5,0,0
1601126902649,4,UC5 show stock report,200,HTTP/1.1 200,UC5 1-10,true,,460,0,1,2,http://swa-kovacs-vm2.cs.univie.ac.at/sr/stockitemreport/200,4,0,0
1601126902651,7,UC7 change price,200,HTTP/1.1 200,UC7 2-10,true,,127,0,1,2,http://swa-kovacs-vm2.cs.univie.ac.at/sr/stockitem/store/200/300,7,0,0
1601126902653,5,UC5 show stock report,200,HTTP/1.1 200,UC5 1-10,true,,460,0,1,2,http://swa-kovacs-vm2.cs.univie.ac.at/sr/stockitemreport/200,4,0,0
1601126902658,3,UC7 change price,200,HTTP/1.1 200,UC7 2-10,true,,127,0,1,2,http://swa-kovacs-vm2.cs.univie.ac.at/sr/stockitem/store/200/300,3,0,0
1601126902658,4,UC5 show stock report,200,HTTP/1.1 200,UC5 1-10,true,,460,0,1,2,http://swa-kovacs-vm2.cs.univie.ac.at/sr/stockitemreport/200,4,0,0
1601126902662,3,UC5 show stock report,200,HTTP/1.1 200,UC5 1-10,true,,460,0,1,3,http://swa-kovacs-vm2.cs.univie.ac.at/sr/stockitemreport/200,3,0,0
1601126902662,4,UC7 change price,200,HTTP/1.1 200,UC7 2-10,true,,127,0,1,2,http://swa-kovacs-vm2.cs.univie.ac.at/sr/stockitem/store/200/300,4,0,0
1601126902666,3,UC7 change price,200,HTTP/1.1 200,UC7 2-10,true,,127,0,1,2,http://swa-kovacs-vm2.cs.univie.ac.at/sr/stockitem/store/200/300,3,0,0
1601126902663,9,UC3 order products,200,HTTP/1.1 200,UC3 3-10,true,,231,0,1,2,http://swa-kovacs-vm3.cs.univie.ac.at/oprop/store/201/order,8,0,0
1601126902670,3,UC7 change price,200,HTTP/1.1 200,UC7 2-10,true,,127,0,1,2,http://swa-kovacs-vm2.cs.univie.ac.at/sr/stockitem/store/200/300,3,0,0
1601126902673,3,UC7 change price,200,HTTP/1.1 200,UC7 2-10,true,,127,0,1,2,http://swa-kovacs-vm2.cs.univie.ac.at/sr/stockitem/store/200/300,3,0,0
1601126902672,7,UC3 order products,200,HTTP/1.1 200,UC3 3-10,true,,231,0,1,2,http://swa-kovacs-vm3.cs.univie.ac.at/oprop/store/201/order,6,0,0
1601126902676,4,UC7 change price,200,HTTP/1.1 200,UC7 2-10,true,,127,0,1,2,http://swa-kovacs-vm2.cs.univie.ac.at/sr/stockitem/store/200/300,4,0,0
1601126902679,5,UC3 order products,200,HTTP/1.1 200,UC3 3-10,true,,231,0,1,1,http://swa-kovacs-vm3.cs.univie.ac.at/oprop/store/201/order,5,0,0
1601126902684,6,UC3 order products,200,HTTP/1.1 200,UC3 3-10,true,,231,0,1,2,http://swa-kovacs-vm3.cs.univie.ac.at/oprop/store/201/order,6,0,0
1601126902691,16,UC3 order products,200,HTTP/1.1 200,UC3 3-10,true,,231,0,1,3,http://swa-kovacs-vm3.cs.univie.ac.at/oprop/store/201/order,16,0,0
1601126902707,8,UC3 order products,200,HTTP/1.1 200,UC3 3-10,true,,231,0,1,3,http://swa-kovacs-vm3.cs.univie.ac.at/oprop/store/201/order,8,0,0
1601126902685,33,UC4 receive order,200,HTTP/1.1 200,UC4 4-10,true,,118,0,1,3,http://swa-kovacs-vm3.cs.univie.ac.at/oprop/product-order/113,33,0,0
1601126902698,25,UC6 delivery reports,200,HTTP/1.1 200,UC6 5-10,true,,342,0,1,3,http://swa-kovacs-vm4.cs.univie.ac.at/dr/delivery-report/901,24,0,0
1601126902715,8,UC3 order products,200,HTTP/1.1 200,UC3 3-10,true,,231,0,1,3,http://swa-kovacs-vm3.cs.univie.ac.at/oprop/store/201/order,8,0,0
1601126902723,5,UC3 order products,200,HTTP/1.1 200,UC3 3-10,true,,231,0,1,3,http://swa-kovacs-vm3.cs.univie.ac.at/oprop/store/201/order,5,0,0
1601126902729,4,UC3 order products,200,HTTP/1.1 200,UC3 3-10,true,,231,0,1,3,http://swa-kovacs-vm3.cs.univie.ac.at/oprop/store/201/order,4,0,0
1601126902718,16,UC4 receive order,200,HTTP/1.1 200,UC4 4-10,true,,118,0,1,3,http://swa-kovacs-vm3.cs.univie.ac.at/oprop/product-order/113,16,0,0
1601126902723,17,UC6 delivery reports,200,HTTP/1.1 200,UC6 5-10,true,,342,0,1,3,http://swa-kovacs-vm4.cs.univie.ac.at/dr/delivery-report/901,17,0,0
1601126902734,7,UC3 order products,200,HTTP/1.1 200,UC3 3-10,true,,231,0,1,3,http://swa-kovacs-vm3.cs.univie.ac.at/oprop/store/201/order,7,0,0
1601126902735,18,UC4 receive order,200,HTTP/1.1 200,UC4 4-10,true,,118,0,1,2,http://swa-kovacs-vm3.cs.univie.ac.at/oprop/product-order/113,18,0,0
1601126902741,18,UC6 delivery reports,200,HTTP/1.1 200,UC6 5-10,true,,342,0,1,2,http://swa-kovacs-vm4.cs.univie.ac.at/dr/delivery-report/901,17,0,0
1601126902753,16,UC4 receive order,200,HTTP/1.1 200,UC4 4-10,true,,113,0,1,2,http://swa-kovacs-vm3.cs.univie.ac.at/oprop/product-order/113,16,0,0
1601126902759,14,UC6 delivery reports,200,HTTP/1.1 200,UC6 5-10,true,,342,0,1,2,http://swa-kovacs-vm4.cs.univie.ac.at/dr/delivery-report/901,14,0,0
1601126902769,15,UC4 receive order,200,HTTP/1.1 200,UC4 4-10,true,,118,0,1,2,http://swa-kovacs-vm3.cs.univie.ac.at/oprop/product-order/113,15,0,0
1601126902774,15,UC6 delivery reports,200,HTTP/1.1 200,UC6 5-10,true,,342,0,1,2,http://swa-kovacs-vm4.cs.univie.ac.at/dr/delivery-report/901,14,0,0
1601126902784,16,UC4 receive order,200,HTTP/1.1 200,UC4 4-10,true,,118,0,1,2,http://swa-kovacs-vm3.cs.univie.ac.at/oprop/product-order/113,16,0,0
1601126902789,16,UC6 delivery reports,200,HTTP/1.1 200,UC6 5-10,true,,342,0,1,2,http://swa-kovacs-vm4.cs.univie.ac.at/dr/delivery-report/901,16,0,0
1601126902800,19,UC4 receive order,200,HTTP/1.1 200,UC4 4-10,true,,118,0,1,2,http://swa-kovacs-vm3.cs.univie.ac.at/oprop/product-order/113,19,0,0
1601126902805,21,UC6 delivery reports,200,HTTP/1.1 200,UC6 5-10,true,,342,0,1,2,http://swa-kovacs-vm4.cs.univie.ac.at/dr/delivery-report/901,20,0,0
1601126902819,18,UC4 receive order,200,HTTP/1.1 200,UC4 4-10,true,,118,0,1,2,http://swa-kovacs-vm3.cs.univie.ac.at/oprop/product-order/113,18,0,0
1601126902826,18,UC6 delivery reports,200,HTTP/1.1 200,UC6 5-10,true,,342,0,1,2,http://swa-kovacs-vm4.cs.univie.ac.at/dr/delivery-report/901,18,0,0
1601126902844,18,UC6 delivery reports,200,HTTP/1.1 200,UC6 5-10,true,,342,0,1,2,http://swa-kovacs-vm4.cs.univie.ac.at/dr/delivery-report/901,18,0,0
1601126902838,28,UC4 receive order,200,HTTP/1.1 200,UC4 4-10,true,,118,0,1,2,http://swa-kovacs-vm3.cs.univie.ac.at/oprop/product-order/113,27,0,0
1601126902866,15,UC4 receive order,200,HTTP/1.1 200,UC4 4-10,true,,113,0,1,2,http://swa-kovacs-vm3.cs.univie.ac.at/oprop/product-order/113,15,0,0
1601126902862,19,UC6 delivery reports,200,HTTP/1.1 200,UC6 5-10,true,,337,0,1,1,http://swa-kovacs-vm4.cs.univie.ac.at/dr/delivery-report/901,18,0,0
